DateKey,Date,Year,Quarter,QuarterLabel,MonthNumber,MonthName,YearMonth,WeekOfYear,DayOfMonth,DayName,IsWeekend,IsToday
20241227,2024-12-27,2024,4,Q4 2024,12,December,2024-12,52,27,Friday,0,0
20241228,2024-12-28,2024,4,Q4 2024,12,December,2024-12,52,28,Saturday,1,0
20241229,2024-12-29,2024,4,Q4 2024,12,December,2024-12,52,29,Sunday,1,0
20241230,2024-12-30,2024,4,Q4 2024,12,December,2024-12,1,30,Monday,0,0
20241231,2024-12-31,2024,4,Q4 2024,12,December,2024-12,1,31,Tuesday,0,0
20250101,2025-01-01,2025,1,Q1 2025,1,January,2025-01,1,1,Wednesday,0,0
20250102,2025-01-02,2025,1,Q1 2025,1,January,2025-01,1,2,Thursday,0,0
20250103,2025-01-03,2025,1,Q1 2025,1,January,2025-01,1,3,Friday,0,0
20250104,2025-01-04,2025,1,Q1 2025,1,January,2025-01,1,4,Saturday,1,0
20250105,2025-01-05,2025,1,Q1 2025,1,January,2025-01,1,5,Sunday,1,0
20250106,2025-01-06,2025,1,Q1 2025,1,January,2025-01,2,6,Monday,0,0
20250107,2025-01-07,2025,1,Q1 2025,1,January,2025-01,2,7,Tuesday,0,0
20250108,2025-01-08,2025,1,Q1 2025,1,January,2025-01,2,8,Wednesday,0,0
20250109,2025-01-09,2025,1,Q1 2025,1,January,2025-01,2,9,Thursday,0,0
20250110,2025-01-10,2025,1,Q1 2025,1,January,2025-01,2,10,Friday,0,0
20250111,2025-01-11,2025,1,Q1 2025,1,January,2025-01,2,11,Saturday,1,0
20250112,2025-01-12,2025,1,Q1 2025,1,January,2025-01,2,12,Sunday,1,0
20250113,2025-01-13,2025,1,Q1 2025,1,January,2025-01,3,13,Monday,0,0
20250114,2025-01-14,2025,1,Q1 2025,1,January,2025-01,3,14,Tuesday,0,0
20250115,2025-01-15,2025,1,Q1 2025,1,January,2025-01,3,15,Wednesday,0,0
20250116,2025-01-16,2025,1,Q1 2025,1,January,2025-01,3,16,Thursday,0,0
20250117,2025-01-17,2025,1,Q1 2025,1,January,2025-01,3,17,Friday,0,0
20250118,2025-01-18,2025,1,Q1 2025,1,January,2025-01,3,18,Saturday,1,0
20250119,2025-01-19,2025,1,Q1 2025,1,January,2025-01,3,19,Sunday,1,0
20250120,2025-01-20,2025,1,Q1 2025,1,January,2025-01,4,20,Monday,0,0
20250121,2025-01-21,2025,1,Q1 2025,1,January,2025-01,4,21,Tuesday,0,0
20250122,2025-01-22,2025,1,Q1 2025,1,January,2025-01,4,22,Wednesday,0,0
20250123,2025-01-23,2025,1,Q1 2025,1,January,2025-01,4,23,Thursday,0,0
20250124,2025-01-24,2025,1,Q1 2025,1,January,2025-01,4,24,Friday,0,0
20250125,2025-01-25,2025,1,Q1 2025,1,January,2025-01,4,25,Saturday,1,0
20250126,2025-01-26,2025,1,Q1 2025,1,January,2025-01,4,26,Sunday,1,0
20250127,2025-01-27,2025,1,Q1 2025,1,January,2025-01,5,27,Monday,0,0
20250128,2025-01-28,2025,1,Q1 2025,1,January,2025-01,5,28,Tuesday,0,0
20250129,2025-01-29,2025,1,Q1 2025,1,January,2025-01,5,29,Wednesday,0,0
20250130,2025-01-30,2025,1,Q1 2025,1,January,2025-01,5,30,Thursday,0,0
20250131,2025-01-31,2025,1,Q1 2025,1,January,2025-01,5,31,Friday,0,0
20250201,2025-02-01,2025,1,Q1 2025,2,February,2025-02,5,1,Saturday,1,0
20250202,2025-02-02,2025,1,Q1 2025,2,February,2025-02,5,2,Sunday,1,0
20250203,2025-02-03,2025,1,Q1 2025,2,February,2025-02,6,3,Monday,0,0
20250204,2025-02-04,2025,1,Q1 2025,2,February,2025-02,6,4,Tuesday,0,0
20250205,2025-02-05,2025,1,Q1 2025,2,February,2025-02,6,5,Wednesday,0,0
20250206,2025-02-06,2025,1,Q1 2025,2,February,2025-02,6,6,Thursday,0,0
20250207,2025-02-07,2025,1,Q1 2025,2,February,2025-02,6,7,Friday,0,0
20250208,2025-02-08,2025,1,Q1 2025,2,February,2025-02,6,8,Saturday,1,0
20250209,2025-02-09,2025,1,Q1 2025,2,February,2025-02,6,9,Sunday,1,0
20250210,2025-02-10,2025,1,Q1 2025,2,February,2025-02,7,10,Monday,0,0
20250211,2025-02-11,2025,1,Q1 2025,2,February,2025-02,7,11,Tuesday,0,0
20250212,2025-02-12,2025,1,Q1 2025,2,February,2025-02,7,12,Wednesday,0,0
20250213,2025-02-13,2025,1,Q1 2025,2,February,2025-02,7,13,Thursday,0,0
20250214,2025-02-14,2025,1,Q1 2025,2,February,2025-02,7,14,Friday,0,0
20250215,2025-02-15,2025,1,Q1 2025,2,February,2025-02,7,15,Saturday,1,0
20250216,2025-02-16,2025,1,Q1 2025,2,February,2025-02,7,16,Sunday,1,0
20250217,2025-02-17,2025,1,Q1 2025,2,February,2025-02,8,17,Monday,0,0
20250218,2025-02-18,2025,1,Q1 2025,2,February,2025-02,8,18,Tuesday,0,0
20250219,2025-02-19,2025,1,Q1 2025,2,February,2025-02,8,19,Wednesday,0,0
20250220,2025-02-20,2025,1,Q1 2025,2,February,2025-02,8,20,Thursday,0,0
20250221,2025-02-21,2025,1,Q1 2025,2,February,2025-02,8,21,Friday,0,0
20250222,2025-02-22,2025,1,Q1 2025,2,February,2025-02,8,22,Saturday,1,0
20250223,2025-02-23,2025,1,Q1 2025,2,February,2025-02,8,23,Sunday,1,0
20250224,2025-02-24,2025,1,Q1 2025,2,February,2025-02,9,24,Monday,0,0
20250225,2025-02-25,2025,1,Q1 2025,2,February,2025-02,9,25,Tuesday,0,0
20250226,2025-02-26,2025,1,Q1 2025,2,February,2025-02,9,26,Wednesday,0,0
20250227,2025-02-27,2025,1,Q1 2025,2,February,2025-02,9,27,Thursday,0,0
20250228,2025-02-28,2025,1,Q1 2025,2,February,2025-02,9,28,Friday,0,0
20250301,2025-03-01,2025,1,Q1 2025,3,March,2025-03,9,1,Saturday,1,0
20250302,2025-03-02,2025,1,Q1 2025,3,March,2025-03,9,2,Sunday,1,0
20250303,2025-03-03,2025,1,Q1 2025,3,March,2025-03,10,3,Monday,0,0
20250304,2025-03-04,2025,1,Q1 2025,3,March,2025-03,10,4,Tuesday,0,0
20250305,2025-03-05,2025,1,Q1 2025,3,March,2025-03,10,5,Wednesday,0,0
20250306,2025-03-06,2025,1,Q1 2025,3,March,2025-03,10,6,Thursday,0,0
20250307,2025-03-07,2025,1,Q1 2025,3,March,2025-03,10,7,Friday,0,0
20250308,2025-03-08,2025,1,Q1 2025,3,March,2025-03,10,8,Saturday,1,0
20250309,2025-03-09,2025,1,Q1 2025,3,March,2025-03,10,9,Sunday,1,0
20250310,2025-03-10,2025,1,Q1 2025,3,March,2025-03,11,10,Monday,0,0
20250311,2025-03-11,2025,1,Q1 2025,3,March,2025-03,11,11,Tuesday,0,0
20250312,2025-03-12,2025,1,Q1 2025,3,March,2025-03,11,12,Wednesday,0,0
20250313,2025-03-13,2025,1,Q1 2025,3,March,2025-03,11,13,Thursday,0,0
20250314,2025-03-14,2025,1,Q1 2025,3,March,2025-03,11,14,Friday,0,0
20250315,2025-03-15,2025,1,Q1 2025,3,March,2025-03,11,15,Saturday,1,0
20250316,2025-03-16,2025,1,Q1 2025,3,March,2025-03,11,16,Sunday,1,0
20250317,2025-03-17,2025,1,Q1 2025,3,March,2025-03,12,17,Monday,0,0
20250318,2025-03-18,2025,1,Q1 2025,3,March,2025-03,12,18,Tuesday,0,0
20250319,2025-03-19,2025,1,Q1 2025,3,March,2025-03,12,19,Wednesday,0,0
20250320,2025-03-20,2025,1,Q1 2025,3,March,2025-03,12,20,Thursday,0,0
20250321,2025-03-21,2025,1,Q1 2025,3,March,2025-03,12,21,Friday,0,0
20250322,2025-03-22,2025,1,Q1 2025,3,March,2025-03,12,22,Saturday,1,0
20250323,2025-03-23,2025,1,Q1 2025,3,March,2025-03,12,23,Sunday,1,0
20250324,2025-03-24,2025,1,Q1 2025,3,March,2025-03,13,24,Monday,0,0
20250325,2025-03-25,2025,1,Q1 2025,3,March,2025-03,13,25,Tuesday,0,0
20250326,2025-03-26,2025,1,Q1 2025,3,March,2025-03,13,26,Wednesday,0,0
20250327,2025-03-27,2025,1,Q1 2025,3,March,2025-03,13,27,Thursday,0,0
20250328,2025-03-28,2025,1,Q1 2025,3,March,2025-03,13,28,Friday,0,0
20250329,2025-03-29,2025,1,Q1 2025,3,March,2025-03,13,29,Saturday,1,0
20250330,2025-03-30,2025,1,Q1 2025,3,March,2025-03,13,30,Sunday,1,0
20250331,2025-03-31,2025,1,Q1 2025,3,March,2025-03,14,31,Monday,0,0
20250401,2025-04-01,2025,2,Q2 2025,4,April,2025-04,14,1,Tuesday,0,0
20250402,2025-04-02,2025,2,Q2 2025,4,April,2025-04,14,2,Wednesday,0,0
20250403,2025-04-03,2025,2,Q2 2025,4,April,2025-04,14,3,Thursday,0,0
20250404,2025-04-04,2025,2,Q2 2025,4,April,2025-04,14,4,Friday,0,0
20250405,2025-04-05,2025,2,Q2 2025,4,April,2025-04,14,5,Saturday,1,0
20250406,2025-04-06,2025,2,Q2 2025,4,April,2025-04,14,6,Sunday,1,0
20250407,2025-04-07,2025,2,Q2 2025,4,April,2025-04,15,7,Monday,0,0
20250408,2025-04-08,2025,2,Q2 2025,4,April,2025-04,15,8,Tuesday,0,0
20250409,2025-04-09,2025,2,Q2 2025,4,April,2025-04,15,9,Wednesday,0,0
20250410,2025-04-10,2025,2,Q2 2025,4,April,2025-04,15,10,Thursday,0,0
20250411,2025-04-11,2025,2,Q2 2025,4,April,2025-04,15,11,Friday,0,0
20250412,2025-04-12,2025,2,Q2 2025,4,April,2025-04,15,12,Saturday,1,0
20250413,2025-04-13,2025,2,Q2 2025,4,April,2025-04,15,13,Sunday,1,0
20250414,2025-04-14,2025,2,Q2 2025,4,April,2025-04,16,14,Monday,0,0
20250415,2025-04-15,2025,2,Q2 2025,4,April,2025-04,16,15,Tuesday,0,0
20250416,2025-04-16,2025,2,Q2 2025,4,April,2025-04,16,16,Wednesday,0,0
20250417,2025-04-17,2025,2,Q2 2025,4,April,2025-04,16,17,Thursday,0,0
20250418,2025-04-18,2025,2,Q2 2025,4,April,2025-04,16,18,Friday,0,0
20250419,2025-04-19,2025,2,Q2 2025,4,April,2025-04,16,19,Saturday,1,0
20250420,2025-04-20,2025,2,Q2 2025,4,April,2025-04,16,20,Sunday,1,0
20250421,2025-04-21,2025,2,Q2 2025,4,April,2025-04,17,21,Monday,0,0
20250422,2025-04-22,2025,2,Q2 2025,4,April,2025-04,17,22,Tuesday,0,0
20250423,2025-04-23,2025,2,Q2 2025,4,April,2025-04,17,23,Wednesday,0,0
20250424,2025-04-24,2025,2,Q2 2025,4,April,2025-04,17,24,Thursday,0,0
20250425,2025-04-25,2025,2,Q2 2025,4,April,2025-04,17,25,Friday,0,0
20250426,2025-04-26,2025,2,Q2 2025,4,April,2025-04,17,26,Saturday,1,0
20250427,2025-04-27,2025,2,Q2 2025,4,April,2025-04,17,27,Sunday,1,0
20250428,2025-04-28,2025,2,Q2 2025,4,April,2025-04,18,28,Monday,0,0
20250429,2025-04-29,2025,2,Q2 2025,4,April,2025-04,18,29,Tuesday,0,0
20250430,2025-04-30,2025,2,Q2 2025,4,April,2025-04,18,30,Wednesday,0,0
20250501,2025-05-01,2025,2,Q2 2025,5,May,2025-05,18,1,Thursday,0,0
20250502,2025-05-02,2025,2,Q2 2025,5,May,2025-05,18,2,Friday,0,0
20250503,2025-05-03,2025,2,Q2 2025,5,May,2025-05,18,3,Saturday,1,0
20250504,2025-05-04,2025,2,Q2 2025,5,May,2025-05,18,4,Sunday,1,0
20250505,2025-05-05,2025,2,Q2 2025,5,May,2025-05,19,5,Monday,0,0
20250506,2025-05-06,2025,2,Q2 2025,5,May,2025-05,19,6,Tuesday,0,0
20250507,2025-05-07,2025,2,Q2 2025,5,May,2025-05,19,7,Wednesday,0,0
20250508,2025-05-08,2025,2,Q2 2025,5,May,2025-05,19,8,Thursday,0,0
20250509,2025-05-09,2025,2,Q2 2025,5,May,2025-05,19,9,Friday,0,0
20250510,2025-05-10,2025,2,Q2 2025,5,May,2025-05,19,10,Saturday,1,0
20250511,2025-05-11,2025,2,Q2 2025,5,May,2025-05,19,11,Sunday,1,0
20250512,2025-05-12,2025,2,Q2 2025,5,May,2025-05,20,12,Monday,0,0
20250513,2025-05-13,2025,2,Q2 2025,5,May,2025-05,20,13,Tuesday,0,0
20250514,2025-05-14,2025,2,Q2 2025,5,May,2025-05,20,14,Wednesday,0,0
20250515,2025-05-15,2025,2,Q2 2025,5,May,2025-05,20,15,Thursday,0,0
20250516,2025-05-16,2025,2,Q2 2025,5,May,2025-05,20,16,Friday,0,0
20250517,2025-05-17,2025,2,Q2 2025,5,May,2025-05,20,17,Saturday,1,0
20250518,2025-05-18,2025,2,Q2 2025,5,May,2025-05,20,18,Sunday,1,0
20250519,2025-05-19,2025,2,Q2 2025,5,May,2025-05,21,19,Monday,0,0
20250520,2025-05-20,2025,2,Q2 2025,5,May,2025-05,21,20,Tuesday,0,0
20250521,2025-05-21,2025,2,Q2 2025,5,May,2025-05,21,21,Wednesday,0,0
20250522,2025-05-22,2025,2,Q2 2025,5,May,2025-05,21,22,Thursday,0,0
20250523,2025-05-23,2025,2,Q2 2025,5,May,2025-05,21,23,Friday,0,0
20250524,2025-05-24,2025,2,Q2 2025,5,May,2025-05,21,24,Saturday,1,0
20250525,2025-05-25,2025,2,Q2 2025,5,May,2025-05,21,25,Sunday,1,0
20250526,2025-05-26,2025,2,Q2 2025,5,May,2025-05,22,26,Monday,0,0
20250527,2025-05-27,2025,2,Q2 2025,5,May,2025-05,22,27,Tuesday,0,0
20250528,2025-05-28,2025,2,Q2 2025,5,May,2025-05,22,28,Wednesday,0,0
20250529,2025-05-29,2025,2,Q2 2025,5,May,2025-05,22,29,Thursday,0,0
20250530,2025-05-30,2025,2,Q2 2025,5,May,2025-05,22,30,Friday,0,0
20250531,2025-05-31,2025,2,Q2 2025,5,May,2025-05,22,31,Saturday,1,0
20250601,2025-06-01,2025,2,Q2 2025,6,June,2025-06,22,1,Sunday,1,0
20250602,2025-06-02,2025,2,Q2 2025,6,June,2025-06,23,2,Monday,0,0
20250603,2025-06-03,2025,2,Q2 2025,6,June,2025-06,23,3,Tuesday,0,0
20250604,2025-06-04,2025,2,Q2 2025,6,June,2025-06,23,4,Wednesday,0,0
20250605,2025-06-05,2025,2,Q2 2025,6,June,2025-06,23,5,Thursday,0,0
20250606,2025-06-06,2025,2,Q2 2025,6,June,2025-06,23,6,Friday,0,0
20250607,2025-06-07,2025,2,Q2 2025,6,June,2025-06,23,7,Saturday,1,0
20250608,2025-06-08,2025,2,Q2 2025,6,June,2025-06,23,8,Sunday,1,0
20250609,2025-06-09,2025,2,Q2 2025,6,June,2025-06,24,9,Monday,0,0
20250610,2025-06-10,2025,2,Q2 2025,6,June,2025-06,24,10,Tuesday,0,0
20250611,2025-06-11,2025,2,Q2 2025,6,June,2025-06,24,11,Wednesday,0,0
20250612,2025-06-12,2025,2,Q2 2025,6,June,2025-06,24,12,Thursday,0,0
20250613,2025-06-13,2025,2,Q2 2025,6,June,2025-06,24,13,Friday,0,0
20250614,2025-06-14,2025,2,Q2 2025,6,June,2025-06,24,14,Saturday,1,0
20250615,2025-06-15,2025,2,Q2 2025,6,June,2025-06,24,15,Sunday,1,0
20250616,2025-06-16,2025,2,Q2 2025,6,June,2025-06,25,16,Monday,0,0
20250617,2025-06-17,2025,2,Q2 2025,6,June,2025-06,25,17,Tuesday,0,0
20250618,2025-06-18,2025,2,Q2 2025,6,June,2025-06,25,18,Wednesday,0,0
20250619,2025-06-19,2025,2,Q2 2025,6,June,2025-06,25,19,Thursday,0,0
20250620,2025-06-20,2025,2,Q2 2025,6,June,2025-06,25,20,Friday,0,0
20250621,2025-06-21,2025,2,Q2 2025,6,June,2025-06,25,21,Saturday,1,0
20250622,2025-06-22,2025,2,Q2 2025,6,June,2025-06,25,22,Sunday,1,0
20250623,2025-06-23,2025,2,Q2 2025,6,June,2025-06,26,23,Monday,0,0
20250624,2025-06-24,2025,2,Q2 2025,6,June,2025-06,26,24,Tuesday,0,0
20250625,2025-06-25,2025,2,Q2 2025,6,June,2025-06,26,25,Wednesday,0,0
20250626,2025-06-26,2025,2,Q2 2025,6,June,2025-06,26,26,Thursday,0,0
20250627,2025-06-27,2025,2,Q2 2025,6,June,2025-06,26,27,Friday,0,0
20250628,2025-06-28,2025,2,Q2 2025,6,June,2025-06,26,28,Saturday,1,0
20250629,2025-06-29,2025,2,Q2 2025,6,June,2025-06,26,29,Sunday,1,0
20250630,2025-06-30,2025,2,Q2 2025,6,June,2025-06,27,30,Monday,0,0
20250701,2025-07-01,2025,3,Q3 2025,7,July,2025-07,27,1,Tuesday,0,0
20250702,2025-07-02,2025,3,Q3 2025,7,July,2025-07,27,2,Wednesday,0,0
20250703,2025-07-03,2025,3,Q3 2025,7,July,2025-07,27,3,Thursday,0,0
20250704,2025-07-04,2025,3,Q3 2025,7,July,2025-07,27,4,Friday,0,0
20250705,2025-07-05,2025,3,Q3 2025,7,July,2025-07,27,5,Saturday,1,0
20250706,2025-07-06,2025,3,Q3 2025,7,July,2025-07,27,6,Sunday,1,0
20250707,2025-07-07,2025,3,Q3 2025,7,July,2025-07,28,7,Monday,0,0
20250708,2025-07-08,2025,3,Q3 2025,7,July,2025-07,28,8,Tuesday,0,0
20250709,2025-07-09,2025,3,Q3 2025,7,July,2025-07,28,9,Wednesday,0,0
20250710,2025-07-10,2025,3,Q3 2025,7,July,2025-07,28,10,Thursday,0,0
20250711,2025-07-11,2025,3,Q3 2025,7,July,2025-07,28,11,Friday,0,0
20250712,2025-07-12,2025,3,Q3 2025,7,July,2025-07,28,12,Saturday,1,0
20250713,2025-07-13,2025,3,Q3 2025,7,July,2025-07,28,13,Sunday,1,0
20250714,2025-07-14,2025,3,Q3 2025,7,July,2025-07,29,14,Monday,0,0
20250715,2025-07-15,2025,3,Q3 2025,7,July,2025-07,29,15,Tuesday,0,0
20250716,2025-07-16,2025,3,Q3 2025,7,July,2025-07,29,16,Wednesday,0,0
20250717,2025-07-17,2025,3,Q3 2025,7,July,2025-07,29,17,Thursday,0,0
20250718,2025-07-18,2025,3,Q3 2025,7,July,2025-07,29,18,Friday,0,0
20250719,2025-07-19,2025,3,Q3 2025,7,July,2025-07,29,19,Saturday,1,0
20250720,2025-07-20,2025,3,Q3 2025,7,July,2025-07,29,20,Sunday,1,0
20250721,2025-07-21,2025,3,Q3 2025,7,July,2025-07,30,21,Monday,0,0
20250722,2025-07-22,2025,3,Q3 2025,7,July,2025-07,30,22,Tuesday,0,0
20250723,2025-07-23,2025,3,Q3 2025,7,July,2025-07,30,23,Wednesday,0,0
20250724,2025-07-24,2025,3,Q3 2025,7,July,2025-07,30,24,Thursday,0,0
20250725,2025-07-25,2025,3,Q3 2025,7,July,2025-07,30,25,Friday,0,0
20250726,2025-07-26,2025,3,Q3 2025,7,July,2025-07,30,26,Saturday,1,0
20250727,2025-07-27,2025,3,Q3 2025,7,July,2025-07,30,27,Sunday,1,0
20250728,2025-07-28,2025,3,Q3 2025,7,July,2025-07,31,28,Monday,0,0
20250729,2025-07-29,2025,3,Q3 2025,7,July,2025-07,31,29,Tuesday,0,0
20250730,2025-07-30,2025,3,Q3 2025,7,July,2025-07,31,30,Wednesday,0,0
20250731,2025-07-31,2025,3,Q3 2025,7,July,2025-07,31,31,Thursday,0,0
20250801,2025-08-01,2025,3,Q3 2025,8,August,2025-08,31,1,Friday,0,0
20250802,2025-08-02,2025,3,Q3 2025,8,August,2025-08,31,2,Saturday,1,0
20250803,2025-08-03,2025,3,Q3 2025,8,August,2025-08,31,3,Sunday,1,0
20250804,2025-08-04,2025,3,Q3 2025,8,August,2025-08,32,4,Monday,0,0
20250805,2025-08-05,2025,3,Q3 2025,8,August,2025-08,32,5,Tuesday,0,0
20250806,2025-08-06,2025,3,Q3 2025,8,August,2025-08,32,6,Wednesday,0,0
20250807,2025-08-07,2025,3,Q3 2025,8,August,2025-08,32,7,Thursday,0,0
20250808,2025-08-08,2025,3,Q3 2025,8,August,2025-08,32,8,Friday,0,0
20250809,2025-08-09,2025,3,Q3 2025,8,August,2025-08,32,9,Saturday,1,0
20250810,2025-08-10,2025,3,Q3 2025,8,August,2025-08,32,10,Sunday,1,0
20250811,2025-08-11,2025,3,Q3 2025,8,August,2025-08,33,11,Monday,0,0
20250812,2025-08-12,2025,3,Q3 2025,8,August,2025-08,33,12,Tuesday,0,0
20250813,2025-08-13,2025,3,Q3 2025,8,August,2025-08,33,13,Wednesday,0,0
20250814,2025-08-14,2025,3,Q3 2025,8,August,2025-08,33,14,Thursday,0,0
20250815,2025-08-15,2025,3,Q3 2025,8,August,2025-08,33,15,Friday,0,0
20250816,2025-08-16,2025,3,Q3 2025,8,August,2025-08,33,16,Saturday,1,0
20250817,2025-08-17,2025,3,Q3 2025,8,August,2025-08,33,17,Sunday,1,0
20250818,2025-08-18,2025,3,Q3 2025,8,August,2025-08,34,18,Monday,0,0
20250819,2025-08-19,2025,3,Q3 2025,8,August,2025-08,34,19,Tuesday,0,0
20250820,2025-08-20,2025,3,Q3 2025,8,August,2025-08,34,20,Wednesday,0,0
20250821,2025-08-21,2025,3,Q3 2025,8,August,2025-08,34,21,Thursday,0,0
20250822,2025-08-22,2025,3,Q3 2025,8,August,2025-08,34,22,Friday,0,0
20250823,2025-08-23,2025,3,Q3 2025,8,August,2025-08,34,23,Saturday,1,0
20250824,2025-08-24,2025,3,Q3 2025,8,August,2025-08,34,24,Sunday,1,0
20250825,2025-08-25,2025,3,Q3 2025,8,August,2025-08,35,25,Monday,0,0
20250826,2025-08-26,2025,3,Q3 2025,8,August,2025-08,35,26,Tuesday,0,0
20250827,2025-08-27,2025,3,Q3 2025,8,August,2025-08,35,27,Wednesday,0,0
20250828,2025-08-28,2025,3,Q3 2025,8,August,2025-08,35,28,Thursday,0,0
20250829,2025-08-29,2025,3,Q3 2025,8,August,2025-08,35,29,Friday,0,0
20250830,2025-08-30,2025,3,Q3 2025,8,August,2025-08,35,30,Saturday,1,0
20250831,2025-08-31,2025,3,Q3 2025,8,August,2025-08,35,31,Sunday,1,0
20250901,2025-09-01,2025,3,Q3 2025,9,September,2025-09,36,1,Monday,0,0
20250902,2025-09-02,2025,3,Q3 2025,9,September,2025-09,36,2,Tuesday,0,0
20250903,2025-09-03,2025,3,Q3 2025,9,September,2025-09,36,3,Wednesday,0,0
20250904,2025-09-04,2025,3,Q3 2025,9,September,2025-09,36,4,Thursday,0,0
20250905,2025-09-05,2025,3,Q3 2025,9,September,2025-09,36,5,Friday,0,0
20250906,2025-09-06,2025,3,Q3 2025,9,September,2025-09,36,6,Saturday,1,0
20250907,2025-09-07,2025,3,Q3 2025,9,September,2025-09,36,7,Sunday,1,0
20250908,2025-09-08,2025,3,Q3 2025,9,September,2025-09,37,8,Monday,0,0
20250909,2025-09-09,2025,3,Q3 2025,9,September,2025-09,37,9,Tuesday,0,0
20250910,2025-09-10,2025,3,Q3 2025,9,September,2025-09,37,10,Wednesday,0,0
20250911,2025-09-11,2025,3,Q3 2025,9,September,2025-09,37,11,Thursday,0,0
20250912,2025-09-12,2025,3,Q3 2025,9,September,2025-09,37,12,Friday,0,0
20250913,2025-09-13,2025,3,Q3 2025,9,September,2025-09,37,13,Saturday,1,0
20250914,2025-09-14,2025,3,Q3 2025,9,September,2025-09,37,14,Sunday,1,0
20250915,2025-09-15,2025,3,Q3 2025,9,September,2025-09,38,15,Monday,0,0
20250916,2025-09-16,2025,3,Q3 2025,9,September,2025-09,38,16,Tuesday,0,0
20250917,2025-09-17,2025,3,Q3 2025,9,September,2025-09,38,17,Wednesday,0,0
20250918,2025-09-18,2025,3,Q3 2025,9,September,2025-09,38,18,Thursday,0,0
20250919,2025-09-19,2025,3,Q3 2025,9,September,2025-09,38,19,Friday,0,0
20250920,2025-09-20,2025,3,Q3 2025,9,September,2025-09,38,20,Saturday,1,0
20250921,2025-09-21,2025,3,Q3 2025,9,September,2025-09,38,21,Sunday,1,0
20250922,2025-09-22,2025,3,Q3 2025,9,September,2025-09,39,22,Monday,0,0
20250923,2025-09-23,2025,3,Q3 2025,9,September,2025-09,39,23,Tuesday,0,0
20250924,2025-09-24,2025,3,Q3 2025,9,September,2025-09,39,24,Wednesday,0,0
20250925,2025-09-25,2025,3,Q3 2025,9,September,2025-09,39,25,Thursday,0,0
20250926,2025-09-26,2025,3,Q3 2025,9,September,2025-09,39,26,Friday,0,0
20250927,2025-09-27,2025,3,Q3 2025,9,September,2025-09,39,27,Saturday,1,0
20250928,2025-09-28,2025,3,Q3 2025,9,September,2025-09,39,28,Sunday,1,0
20250929,2025-09-29,2025,3,Q3 2025,9,September,2025-09,40,29,Monday,0,0
20250930,2025-09-30,2025,3,Q3 2025,9,September,2025-09,40,30,Tuesday,0,0
20251001,2025-10-01,2025,4,Q4 2025,10,October,2025-10,40,1,Wednesday,0,0
20251002,2025-10-02,2025,4,Q4 2025,10,October,2025-10,40,2,Thursday,0,0
20251003,2025-10-03,2025,4,Q4 2025,10,October,2025-10,40,3,Friday,0,0
20251004,2025-10-04,2025,4,Q4 2025,10,October,2025-10,40,4,Saturday,1,0
20251005,2025-10-05,2025,4,Q4 2025,10,October,2025-10,40,5,Sunday,1,0
20251006,2025-10-06,2025,4,Q4 2025,10,October,2025-10,41,6,Monday,0,0
20251007,2025-10-07,2025,4,Q4 2025,10,October,2025-10,41,7,Tuesday,0,0
20251008,2025-10-08,2025,4,Q4 2025,10,October,2025-10,41,8,Wednesday,0,0
20251009,2025-10-09,2025,4,Q4 2025,10,October,2025-10,41,9,Thursday,0,0
20251010,2025-10-10,2025,4,Q4 2025,10,October,2025-10,41,10,Friday,0,0
20251011,2025-10-11,2025,4,Q4 2025,10,October,2025-10,41,11,Saturday,1,0
20251012,2025-10-12,2025,4,Q4 2025,10,October,2025-10,41,12,Sunday,1,0
20251013,2025-10-13,2025,4,Q4 2025,10,October,2025-10,42,13,Monday,0,0
20251014,2025-10-14,2025,4,Q4 2025,10,October,2025-10,42,14,Tuesday,0,0
20251015,2025-10-15,2025,4,Q4 2025,10,October,2025-10,42,15,Wednesday,0,0
20251016,2025-10-16,2025,4,Q4 2025,10,October,2025-10,42,16,Thursday,0,0
20251017,2025-10-17,2025,4,Q4 2025,10,October,2025-10,42,17,Friday,0,0
20251018,2025-10-18,2025,4,Q4 2025,10,October,2025-10,42,18,Saturday,1,0
20251019,2025-10-19,2025,4,Q4 2025,10,October,2025-10,42,19,Sunday,1,0
20251020,2025-10-20,2025,4,Q4 2025,10,October,2025-10,43,20,Monday,0,0
20251021,2025-10-21,2025,4,Q4 2025,10,October,2025-10,43,21,Tuesday,0,0
20251022,2025-10-22,2025,4,Q4 2025,10,October,2025-10,43,22,Wednesday,0,0
20251023,2025-10-23,2025,4,Q4 2025,10,October,2025-10,43,23,Thursday,0,0
20251024,2025-10-24,2025,4,Q4 2025,10,October,2025-10,43,24,Friday,0,0
20251025,2025-10-25,2025,4,Q4 2025,10,October,2025-10,43,25,Saturday,1,0
20251026,2025-10-26,2025,4,Q4 2025,10,October,2025-10,43,26,Sunday,1,0
20251027,2025-10-27,2025,4,Q4 2025,10,October,2025-10,44,27,Monday,0,0
20251028,2025-10-28,2025,4,Q4 2025,10,October,2025-10,44,28,Tuesday,0,0
20251029,2025-10-29,2025,4,Q4 2025,10,October,2025-10,44,29,Wednesday,0,0
20251030,2025-10-30,2025,4,Q4 2025,10,October,2025-10,44,30,Thursday,0,0
20251031,2025-10-31,2025,4,Q4 2025,10,October,2025-10,44,31,Friday,0,0
20251101,2025-11-01,2025,4,Q4 2025,11,November,2025-11,44,1,Saturday,1,0
20251102,2025-11-02,2025,4,Q4 2025,11,November,2025-11,44,2,Sunday,1,0
20251103,2025-11-03,2025,4,Q4 2025,11,November,2025-11,45,3,Monday,0,0
20251104,2025-11-04,2025,4,Q4 2025,11,November,2025-11,45,4,Tuesday,0,0
20251105,2025-11-05,2025,4,Q4 2025,11,November,2025-11,45,5,Wednesday,0,0
20251106,2025-11-06,2025,4,Q4 2025,11,November,2025-11,45,6,Thursday,0,0
20251107,2025-11-07,2025,4,Q4 2025,11,November,2025-11,45,7,Friday,0,0
20251108,2025-11-08,2025,4,Q4 2025,11,November,2025-11,45,8,Saturday,1,0
20251109,2025-11-09,2025,4,Q4 2025,11,November,2025-11,45,9,Sunday,1,0
20251110,2025-11-10,2025,4,Q4 2025,11,November,2025-11,46,10,Monday,0,0
20251111,2025-11-11,2025,4,Q4 2025,11,November,2025-11,46,11,Tuesday,0,0
20251112,2025-11-12,2025,4,Q4 2025,11,November,2025-11,46,12,Wednesday,0,0
20251113,2025-11-13,2025,4,Q4 2025,11,November,2025-11,46,13,Thursday,0,0
20251114,2025-11-14,2025,4,Q4 2025,11,November,2025-11,46,14,Friday,0,0
20251115,2025-11-15,2025,4,Q4 2025,11,November,2025-11,46,15,Saturday,1,0
20251116,2025-11-16,2025,4,Q4 2025,11,November,2025-11,46,16,Sunday,1,0
20251117,2025-11-17,2025,4,Q4 2025,11,November,2025-11,47,17,Monday,0,0
20251118,2025-11-18,2025,4,Q4 2025,11,November,2025-11,47,18,Tuesday,0,0
20251119,2025-11-19,2025,4,Q4 2025,11,November,2025-11,47,19,Wednesday,0,0
20251120,2025-11-20,2025,4,Q4 2025,11,November,2025-11,47,20,Thursday,0,0
20251121,2025-11-21,2025,4,Q4 2025,11,November,2025-11,47,21,Friday,0,0
20251122,2025-11-22,2025,4,Q4 2025,11,November,2025-11,47,22,Saturday,1,0
20251123,2025-11-23,2025,4,Q4 2025,11,November,2025-11,47,23,Sunday,1,0
20251124,2025-11-24,2025,4,Q4 2025,11,November,2025-11,48,24,Monday,0,0
20251125,2025-11-25,2025,4,Q4 2025,11,November,2025-11,48,25,Tuesday,0,0
20251126,2025-11-26,2025,4,Q4 2025,11,November,2025-11,48,26,Wednesday,0,0
20251127,2025-11-27,2025,4,Q4 2025,11,November,2025-11,48,27,Thursday,0,0
20251128,2025-11-28,2025,4,Q4 2025,11,November,2025-11,48,28,Friday,0,0
20251129,2025-11-29,2025,4,Q4 2025,11,November,2025-11,48,29,Saturday,1,0
20251130,2025-11-30,2025,4,Q4 2025,11,November,2025-11,48,30,Sunday,1,0
20251201,2025-12-01,2025,4,Q4 2025,12,December,2025-12,49,1,Monday,0,0
20251202,2025-12-02,2025,4,Q4 2025,12,December,2025-12,49,2,Tuesday,0,0
20251203,2025-12-03,2025,4,Q4 2025,12,December,2025-12,49,3,Wednesday,0,0
20251204,2025-12-04,2025,4,Q4 2025,12,December,2025-12,49,4,Thursday,0,0
20251205,2025-12-05,2025,4,Q4 2025,12,December,2025-12,49,5,Friday,0,0
20251206,2025-12-06,2025,4,Q4 2025,12,December,2025-12,49,6,Saturday,1,0
20251207,2025-12-07,2025,4,Q4 2025,12,December,2025-12,49,7,Sunday,1,0
20251208,2025-12-08,2025,4,Q4 2025,12,December,2025-12,50,8,Monday,0,0
20251209,2025-12-09,2025,4,Q4 2025,12,December,2025-12,50,9,Tuesday,0,0
20251210,2025-12-10,2025,4,Q4 2025,12,December,2025-12,50,10,Wednesday,0,0
20251211,2025-12-11,2025,4,Q4 2025,12,December,2025-12,50,11,Thursday,0,0
20251212,2025-12-12,2025,4,Q4 2025,12,December,2025-12,50,12,Friday,0,0
20251213,2025-12-13,2025,4,Q4 2025,12,December,2025-12,50,13,Saturday,1,0
20251214,2025-12-14,2025,4,Q4 2025,12,December,2025-12,50,14,Sunday,1,0
20251215,2025-12-15,2025,4,Q4 2025,12,December,2025-12,51,15,Monday,0,0
20251216,2025-12-16,2025,4,Q4 2025,12,December,2025-12,51,16,Tuesday,0,0
20251217,2025-12-17,2025,4,Q4 2025,12,December,2025-12,51,17,Wednesday,0,0
20251218,2025-12-18,2025,4,Q4 2025,12,December,2025-12,51,18,Thursday,0,0
20251219,2025-12-19,2025,4,Q4 2025,12,December,2025-12,51,19,Friday,0,0
20251220,2025-12-20,2025,4,Q4 2025,12,December,2025-12,51,20,Saturday,1,0
20251221,2025-12-21,2025,4,Q4 2025,12,December,2025-12,51,21,Sunday,1,0
20251222,2025-12-22,2025,4,Q4 2025,12,December,2025-12,52,22,Monday,0,0
20251223,2025-12-23,2025,4,Q4 2025,12,December,2025-12,52,23,Tuesday,0,0
20251224,2025-12-24,2025,4,Q4 2025,12,December,2025-12,52,24,Wednesday,0,0
20251225,2025-12-25,2025,4,Q4 2025,12,December,2025-12,52,25,Thursday,0,0
20251226,2025-12-26,2025,4,Q4 2025,12,December,2025-12,52,26,Friday,0,0
20251227,2025-12-27,2025,4,Q4 2025,12,December,2025-12,52,27,Saturday,1,0
20251228,2025-12-28,2025,4,Q4 2025,12,December,2025-12,52,28,Sunday,1,0
20251229,2025-12-29,2025,4,Q4 2025,12,December,2025-12,1,29,Monday,0,0
20251230,2025-12-30,2025,4,Q4 2025,12,December,2025-12,1,30,Tuesday,0,0
20251231,2025-12-31,2025,4,Q4 2025,12,December,2025-12,1,31,Wednesday,0,0
20260101,2026-01-01,2026,1,Q1 2026,1,January,2026-01,1,1,Thursday,0,0
20260102,2026-01-02,2026,1,Q1 2026,1,January,2026-01,1,2,Friday,0,0
20260103,2026-01-03,2026,1,Q1 2026,1,January,2026-01,1,3,Saturday,1,0
20260104,2026-01-04,2026,1,Q1 2026,1,January,2026-01,1,4,Sunday,1,0
20260105,2026-01-05,2026,1,Q1 2026,1,January,2026-01,2,5,Monday,0,0
20260106,2026-01-06,2026,1,Q1 2026,1,January,2026-01,2,6,Tuesday,0,0
20260107,2026-01-07,2026,1,Q1 2026,1,January,2026-01,2,7,Wednesday,0,0
20260108,2026-01-08,2026,1,Q1 2026,1,January,2026-01,2,8,Thursday,0,0
20260109,2026-01-09,2026,1,Q1 2026,1,January,2026-01,2,9,Friday,0,0
20260110,2026-01-10,2026,1,Q1 2026,1,January,2026-01,2,10,Saturday,1,0
20260111,2026-01-11,2026,1,Q1 2026,1,January,2026-01,2,11,Sunday,1,0
20260112,2026-01-12,2026,1,Q1 2026,1,January,2026-01,3,12,Monday,0,0
20260113,2026-01-13,2026,1,Q1 2026,1,January,2026-01,3,13,Tuesday,0,0
20260114,2026-01-14,2026,1,Q1 2026,1,January,2026-01,3,14,Wednesday,0,0
20260115,2026-01-15,2026,1,Q1 2026,1,January,2026-01,3,15,Thursday,0,0
20260116,2026-01-16,2026,1,Q1 2026,1,January,2026-01,3,16,Friday,0,0
20260117,2026-01-17,2026,1,Q1 2026,1,January,2026-01,3,17,Saturday,1,0
20260118,2026-01-18,2026,1,Q1 2026,1,January,2026-01,3,18,Sunday,1,0
20260119,2026-01-19,2026,1,Q1 2026,1,January,2026-01,4,19,Monday,0,0
20260120,2026-01-20,2026,1,Q1 2026,1,January,2026-01,4,20,Tuesday,0,0
20260121,2026-01-21,2026,1,Q1 2026,1,January,2026-01,4,21,Wednesday,0,0
20260122,2026-01-22,2026,1,Q1 2026,1,January,2026-01,4,22,Thursday,0,0
20260123,2026-01-23,2026,1,Q1 2026,1,January,2026-01,4,23,Friday,0,0
20260124,2026-01-24,2026,1,Q1 2026,1,January,2026-01,4,24,Saturday,1,0
20260125,2026-01-25,2026,1,Q1 2026,1,January,2026-01,4,25,Sunday,1,0
20260126,2026-01-26,2026,1,Q1 2026,1,January,2026-01,5,26,Monday,0,0
20260127,2026-01-27,2026,1,Q1 2026,1,January,2026-01,5,27,Tuesday,0,0
20260128,2026-01-28,2026,1,Q1 2026,1,January,2026-01,5,28,Wednesday,0,0
20260129,2026-01-29,2026,1,Q1 2026,1,January,2026-01,5,29,Thursday,0,0
20260130,2026-01-30,2026,1,Q1 2026,1,January,2026-01,5,30,Friday,0,0
20260131,2026-01-31,2026,1,Q1 2026,1,January,2026-01,5,31,Saturday,1,0
20260201,2026-02-01,2026,1,Q1 2026,2,February,2026-02,5,1,Sunday,1,0
20260202,2026-02-02,2026,1,Q1 2026,2,February,2026-02,6,2,Monday,0,0
20260203,2026-02-03,2026,1,Q1 2026,2,February,2026-02,6,3,Tuesday,0,0
20260204,2026-02-04,2026,1,Q1 2026,2,February,2026-02,6,4,Wednesday,0,0
20260205,2026-02-05,2026,1,Q1 2026,2,February,2026-02,6,5,Thursday,0,0
20260206,2026-02-06,2026,1,Q1 2026,2,February,2026-02,6,6,Friday,0,0
20260207,2026-02-07,2026,1,Q1 2026,2,February,2026-02,6,7,Saturday,1,0
20260208,2026-02-08,2026,1,Q1 2026,2,February,2026-02,6,8,Sunday,1,0
20260209,2026-02-09,2026,1,Q1 2026,2,February,2026-02,7,9,Monday,0,0
20260210,2026-02-10,2026,1,Q1 2026,2,February,2026-02,7,10,Tuesday,0,0
20260211,2026-02-11,2026,1,Q1 2026,2,February,2026-02,7,11,Wednesday,0,0
20260212,2026-02-12,2026,1,Q1 2026,2,February,2026-02,7,12,Thursday,0,0
20260213,2026-02-13,2026,1,Q1 2026,2,February,2026-02,7,13,Friday,0,0
20260214,2026-02-14,2026,1,Q1 2026,2,February,2026-02,7,14,Saturday,1,0
20260215,2026-02-15,2026,1,Q1 2026,2,February,2026-02,7,15,Sunday,1,0
20260216,2026-02-16,2026,1,Q1 2026,2,February,2026-02,8,16,Monday,0,0
20260217,2026-02-17,2026,1,Q1 2026,2,February,2026-02,8,17,Tuesday,0,0
20260218,2026-02-18,2026,1,Q1 2026,2,February,2026-02,8,18,Wednesday,0,0
20260219,2026-02-19,2026,1,Q1 2026,2,February,2026-02,8,19,Thursday,0,0
20260220,2026-02-20,2026,1,Q1 2026,2,February,2026-02,8,20,Friday,0,0
20260221,2026-02-21,2026,1,Q1 2026,2,February,2026-02,8,21,Saturday,1,0
20260222,2026-02-22,2026,1,Q1 2026,2,February,2026-02,8,22,Sunday,1,0
20260223,2026-02-23,2026,1,Q1 2026,2,February,2026-02,9,23,Monday,0,0
20260224,2026-02-24,2026,1,Q1 2026,2,February,2026-02,9,24,Tuesday,0,0
20260225,2026-02-25,2026,1,Q1 2026,2,February,2026-02,9,25,Wednesday,0,0
20260226,2026-02-26,2026,1,Q1 2026,2,February,2026-02,9,26,Thursday,0,0
20260227,2026-02-27,2026,1,Q1 2026,2,February,2026-02,9,27,Friday,0,0
20260228,2026-02-28,2026,1,Q1 2026,2,February,2026-02,9,28,Saturday,1,0
20260301,2026-03-01,2026,1,Q1 2026,3,March,2026-03,9,1,Sunday,1,0
20260302,2026-03-02,2026,1,Q1 2026,3,March,2026-03,10,2,Monday,0,0
20260303,2026-03-03,2026,1,Q1 2026,3,March,2026-03,10,3,Tuesday,0,0
20260304,2026-03-04,2026,1,Q1 2026,3,March,2026-03,10,4,Wednesday,0,0
20260305,2026-03-05,2026,1,Q1 2026,3,March,2026-03,10,5,Thursday,0,0
20260306,2026-03-06,2026,1,Q1 2026,3,March,2026-03,10,6,Friday,0,0
20260307,2026-03-07,2026,1,Q1 2026,3,March,2026-03,10,7,Saturday,1,0
20260308,2026-03-08,2026,1,Q1 2026,3,March,2026-03,10,8,Sunday,1,0
20260309,2026-03-09,2026,1,Q1 2026,3,March,2026-03,11,9,Monday,0,0
20260310,2026-03-10,2026,1,Q1 2026,3,March,2026-03,11,10,Tuesday,0,0
20260311,2026-03-11,2026,1,Q1 2026,3,March,2026-03,11,11,Wednesday,0,0
20260312,2026-03-12,2026,1,Q1 2026,3,March,2026-03,11,12,Thursday,0,0
20260313,2026-03-13,2026,1,Q1 2026,3,March,2026-03,11,13,Friday,0,0
20260314,2026-03-14,2026,1,Q1 2026,3,March,2026-03,11,14,Saturday,1,0
20260315,2026-03-15,2026,1,Q1 2026,3,March,2026-03,11,15,Sunday,1,0
20260316,2026-03-16,2026,1,Q1 2026,3,March,2026-03,12,16,Monday,0,0
20260317,2026-03-17,2026,1,Q1 2026,3,March,2026-03,12,17,Tuesday,0,0
20260318,2026-03-18,2026,1,Q1 2026,3,March,2026-03,12,18,Wednesday,0,0
20260319,2026-03-19,2026,1,Q1 2026,3,March,2026-03,12,19,Thursday,0,0
20260320,2026-03-20,2026,1,Q1 2026,3,March,2026-03,12,20,Friday,0,0
20260321,2026-03-21,2026,1,Q1 2026,3,March,2026-03,12,21,Saturday,1,0
20260322,2026-03-22,2026,1,Q1 2026,3,March,2026-03,12,22,Sunday,1,0
20260323,2026-03-23,2026,1,Q1 2026,3,March,2026-03,13,23,Monday,0,0
20260324,2026-03-24,2026,1,Q1 2026,3,March,2026-03,13,24,Tuesday,0,0
20260325,2026-03-25,2026,1,Q1 2026,3,March,2026-03,13,25,Wednesday,0,0
20260326,2026-03-26,2026,1,Q1 2026,3,March,2026-03,13,26,Thursday,0,0
20260327,2026-03-27,2026,1,Q1 2026,3,March,2026-03,13,27,Friday,0,0
20260328,2026-03-28,2026,1,Q1 2026,3,March,2026-03,13,28,Saturday,1,0
20260329,2026-03-29,2026,1,Q1 2026,3,March,2026-03,13,29,Sunday,1,0
20260330,2026-03-30,2026,1,Q1 2026,3,March,2026-03,14,30,Monday,0,0
20260331,2026-03-31,2026,1,Q1 2026,3,March,2026-03,14,31,Tuesday,0,0
20260401,2026-04-01,2026,2,Q2 2026,4,April,2026-04,14,1,Wednesday,0,0
20260402,2026-04-02,2026,2,Q2 2026,4,April,2026-04,14,2,Thursday,0,0
20260403,2026-04-03,2026,2,Q2 2026,4,April,2026-04,14,3,Friday,0,0
20260404,2026-04-04,2026,2,Q2 2026,4,April,2026-04,14,4,Saturday,1,0
20260405,2026-04-05,2026,2,Q2 2026,4,April,2026-04,14,5,Sunday,1,0
20260406,2026-04-06,2026,2,Q2 2026,4,April,2026-04,15,6,Monday,0,0
20260407,2026-04-07,2026,2,Q2 2026,4,April,2026-04,15,7,Tuesday,0,0
20260408,2026-04-08,2026,2,Q2 2026,4,April,2026-04,15,8,Wednesday,0,0
20260409,2026-04-09,2026,2,Q2 2026,4,April,2026-04,15,9,Thursday,0,0
20260410,2026-04-10,2026,2,Q2 2026,4,April,2026-04,15,10,Friday,0,0
20260411,2026-04-11,2026,2,Q2 2026,4,April,2026-04,15,11,Saturday,1,0
20260412,2026-04-12,2026,2,Q2 2026,4,April,2026-04,15,12,Sunday,1,0
20260413,2026-04-13,2026,2,Q2 2026,4,April,2026-04,16,13,Monday,0,0
20260414,2026-04-14,2026,2,Q2 2026,4,April,2026-04,16,14,Tuesday,0,0
20260415,2026-04-15,2026,2,Q2 2026,4,April,2026-04,16,15,Wednesday,0,0
20260416,2026-04-16,2026,2,Q2 2026,4,April,2026-04,16,16,Thursday,0,0
20260417,2026-04-17,2026,2,Q2 2026,4,April,2026-04,16,17,Friday,0,0
20260418,2026-04-18,2026,2,Q2 2026,4,April,2026-04,16,18,Saturday,1,0
20260419,2026-04-19,2026,2,Q2 2026,4,April,2026-04,16,19,Sunday,1,0
20260420,2026-04-20,2026,2,Q2 2026,4,April,2026-04,17,20,Monday,0,0
20260421,2026-04-21,2026,2,Q2 2026,4,April,2026-04,17,21,Tuesday,0,0
20260422,2026-04-22,2026,2,Q2 2026,4,April,2026-04,17,22,Wednesday,0,0
20260423,2026-04-23,2026,2,Q2 2026,4,April,2026-04,17,23,Thursday,0,0
20260424,2026-04-24,2026,2,Q2 2026,4,April,2026-04,17,24,Friday,0,0
20260425,2026-04-25,2026,2,Q2 2026,4,April,2026-04,17,25,Saturday,1,0
20260426,2026-04-26,2026,2,Q2 2026,4,April,2026-04,17,26,Sunday,1,0
20260427,2026-04-27,2026,2,Q2 2026,4,April,2026-04,18,27,Monday,0,0
20260428,2026-04-28,2026,2,Q2 2026,4,April,2026-04,18,28,Tuesday,0,0
20260429,2026-04-29,2026,2,Q2 2026,4,April,2026-04,18,29,Wednesday,0,0
20260430,2026-04-30,2026,2,Q2 2026,4,April,2026-04,18,30,Thursday,0,0
20260501,2026-05-01,2026,2,Q2 2026,5,May,2026-05,18,1,Friday,0,0
20260502,2026-05-02,2026,2,Q2 2026,5,May,2026-05,18,2,Saturday,1,0
20260503,2026-05-03,2026,2,Q2 2026,5,May,2026-05,18,3,Sunday,1,0
20260504,2026-05-04,2026,2,Q2 2026,5,May,2026-05,19,4,Monday,0,0
20260505,2026-05-05,2026,2,Q2 2026,5,May,2026-05,19,5,Tuesday,0,0
20260506,2026-05-06,2026,2,Q2 2026,5,May,2026-05,19,6,Wednesday,0,0
20260507,2026-05-07,2026,2,Q2 2026,5,May,2026-05,19,7,Thursday,0,0
20260508,2026-05-08,2026,2,Q2 2026,5,May,2026-05,19,8,Friday,0,0
20260509,2026-05-09,2026,2,Q2 2026,5,May,2026-05,19,9,Saturday,1,0
20260510,2026-05-10,2026,2,Q2 2026,5,May,2026-05,19,10,Sunday,1,0
20260511,2026-05-11,2026,2,Q2 2026,5,May,2026-05,20,11,Monday,0,0
20260512,2026-05-12,2026,2,Q2 2026,5,May,2026-05,20,12,Tuesday,0,0
20260513,2026-05-13,2026,2,Q2 2026,5,May,2026-05,20,13,Wednesday,0,0
20260514,2026-05-14,2026,2,Q2 2026,5,May,2026-05,20,14,Thursday,0,0
20260515,2026-05-15,2026,2,Q2 2026,5,May,2026-05,20,15,Friday,0,0
20260516,2026-05-16,2026,2,Q2 2026,5,May,2026-05,20,16,Saturday,1,0
20260517,2026-05-17,2026,2,Q2 2026,5,May,2026-05,20,17,Sunday,1,0
20260518,2026-05-18,2026,2,Q2 2026,5,May,2026-05,21,18,Monday,0,0
20260519,2026-05-19,2026,2,Q2 2026,5,May,2026-05,21,19,Tuesday,0,0
20260520,2026-05-20,2026,2,Q2 2026,5,May,2026-05,21,20,Wednesday,0,0
20260521,2026-05-21,2026,2,Q2 2026,5,May,2026-05,21,21,Thursday,0,0
20260522,2026-05-22,2026,2,Q2 2026,5,May,2026-05,21,22,Friday,0,0
20260523,2026-05-23,2026,2,Q2 2026,5,May,2026-05,21,23,Saturday,1,0
20260524,2026-05-24,2026,2,Q2 2026,5,May,2026-05,21,24,Sunday,1,0
20260525,2026-05-25,2026,2,Q2 2026,5,May,2026-05,22,25,Monday,0,0
20260526,2026-05-26,2026,2,Q2 2026,5,May,2026-05,22,26,Tuesday,0,0
20260527,2026-05-27,2026,2,Q2 2026,5,May,2026-05,22,27,Wednesday,0,0
20260528,2026-05-28,2026,2,Q2 2026,5,May,2026-05,22,28,Thursday,0,0
20260529,2026-05-29,2026,2,Q2 2026,5,May,2026-05,22,29,Friday,0,0
20260530,2026-05-30,2026,2,Q2 2026,5,May,2026-05,22,30,Saturday,1,0
20260531,2026-05-31,2026,2,Q2 2026,5,May,2026-05,22,31,Sunday,1,0
20260601,2026-06-01,2026,2,Q2 2026,6,June,2026-06,23,1,Monday,0,0
20260602,2026-06-02,2026,2,Q2 2026,6,June,2026-06,23,2,Tuesday,0,0
20260603,2026-06-03,2026,2,Q2 2026,6,June,2026-06,23,3,Wednesday,0,0
20260604,2026-06-04,2026,2,Q2 2026,6,June,2026-06,23,4,Thursday,0,0
20260605,2026-06-05,2026,2,Q2 2026,6,June,2026-06,23,5,Friday,0,0
20260606,2026-06-06,2026,2,Q2 2026,6,June,2026-06,23,6,Saturday,1,0
20260607,2026-06-07,2026,2,Q2 2026,6,June,2026-06,23,7,Sunday,1,0
20260608,2026-06-08,2026,2,Q2 2026,6,June,2026-06,24,8,Monday,0,0
20260609,2026-06-09,2026,2,Q2 2026,6,June,2026-06,24,9,Tuesday,0,0
20260610,2026-06-10,2026,2,Q2 2026,6,June,2026-06,24,10,Wednesday,0,0
20260611,2026-06-11,2026,2,Q2 2026,6,June,2026-06,24,11,Thursday,0,0
20260612,2026-06-12,2026,2,Q2 2026,6,June,2026-06,24,12,Friday,0,0
20260613,2026-06-13,2026,2,Q2 2026,6,June,2026-06,24,13,Saturday,1,0
20260614,2026-06-14,2026,2,Q2 2026,6,June,2026-06,24,14,Sunday,1,0
20260615,2026-06-15,2026,2,Q2 2026,6,June,2026-06,25,15,Monday,0,0
20260616,2026-06-16,2026,2,Q2 2026,6,June,2026-06,25,16,Tuesday,0,0
20260617,2026-06-17,2026,2,Q2 2026,6,June,2026-06,25,17,Wednesday,0,0
20260618,2026-06-18,2026,2,Q2 2026,6,June,2026-06,25,18,Thursday,0,0
20260619,2026-06-19,2026,2,Q2 2026,6,June,2026-06,25,19,Friday,0,0
20260620,2026-06-20,2026,2,Q2 2026,6,June,2026-06,25,20,Saturday,1,1
20260621,2026-06-21,2026,2,Q2 2026,6,June,2026-06,25,21,Sunday,1,0
20260622,2026-06-22,2026,2,Q2 2026,6,June,2026-06,26,22,Monday,0,0
20260623,2026-06-23,2026,2,Q2 2026,6,June,2026-06,26,23,Tuesday,0,0
20260624,2026-06-24,2026,2,Q2 2026,6,June,2026-06,26,24,Wednesday,0,0
20260625,2026-06-25,2026,2,Q2 2026,6,June,2026-06,26,25,Thursday,0,0
20260626,2026-06-26,2026,2,Q2 2026,6,June,2026-06,26,26,Friday,0,0
20260627,2026-06-27,2026,2,Q2 2026,6,June,2026-06,26,27,Saturday,1,0
20260628,2026-06-28,2026,2,Q2 2026,6,June,2026-06,26,28,Sunday,1,0
20260629,2026-06-29,2026,2,Q2 2026,6,June,2026-06,27,29,Monday,0,0
20260630,2026-06-30,2026,2,Q2 2026,6,June,2026-06,27,30,Tuesday,0,0
20260701,2026-07-01,2026,3,Q3 2026,7,July,2026-07,27,1,Wednesday,0,0
20260702,2026-07-02,2026,3,Q3 2026,7,July,2026-07,27,2,Thursday,0,0
20260703,2026-07-03,2026,3,Q3 2026,7,July,2026-07,27,3,Friday,0,0
20260704,2026-07-04,2026,3,Q3 2026,7,July,2026-07,27,4,Saturday,1,0
20260705,2026-07-05,2026,3,Q3 2026,7,July,2026-07,27,5,Sunday,1,0
20260706,2026-07-06,2026,3,Q3 2026,7,July,2026-07,28,6,Monday,0,0
20260707,2026-07-07,2026,3,Q3 2026,7,July,2026-07,28,7,Tuesday,0,0
20260708,2026-07-08,2026,3,Q3 2026,7,July,2026-07,28,8,Wednesday,0,0
20260709,2026-07-09,2026,3,Q3 2026,7,July,2026-07,28,9,Thursday,0,0
20260710,2026-07-10,2026,3,Q3 2026,7,July,2026-07,28,10,Friday,0,0
20260711,2026-07-11,2026,3,Q3 2026,7,July,2026-07,28,11,Saturday,1,0
20260712,2026-07-12,2026,3,Q3 2026,7,July,2026-07,28,12,Sunday,1,0
20260713,2026-07-13,2026,3,Q3 2026,7,July,2026-07,29,13,Monday,0,0
20260714,2026-07-14,2026,3,Q3 2026,7,July,2026-07,29,14,Tuesday,0,0
20260715,2026-07-15,2026,3,Q3 2026,7,July,2026-07,29,15,Wednesday,0,0
20260716,2026-07-16,2026,3,Q3 2026,7,July,2026-07,29,16,Thursday,0,0
20260717,2026-07-17,2026,3,Q3 2026,7,July,2026-07,29,17,Friday,0,0
20260718,2026-07-18,2026,3,Q3 2026,7,July,2026-07,29,18,Saturday,1,0
20260719,2026-07-19,2026,3,Q3 2026,7,July,2026-07,29,19,Sunday,1,0
20260720,2026-07-20,2026,3,Q3 2026,7,July,2026-07,30,20,Monday,0,0
