AccountKey,AccountNumber,CustomerKey,ProductKey,ProductName,Category,CurrencyCode,OpenedAt,OpenedDateKey,Status,CreditLimit
1,ACCT000001,1,3,Student Checking,Deposit,EUR,2020-05-29T12:00:00Z,20200529,Active,0.0
2,ACCT000002,1,8,Auto Loan,Lending,AED,2018-10-22T12:00:00Z,20181022,Active,0.0
3,ACCT000003,2,5,Contoso Platinum Credit,Credit Card,INR,2024-03-25T12:00:00Z,20240325,Dormant,10000
4,ACCT000004,2,8,Auto Loan,Lending,EUR,2023-01-15T12:00:00Z,20230115,Active,0.0
5,ACCT000005,3,4,Contoso Cashback Credit,Credit Card,EUR,2021-01-02T12:00:00Z,20210102,Active,50000
6,ACCT000006,3,8,Auto Loan,Lending,AED,2023-02-28T12:00:00Z,20230228,Active,0.0
7,ACCT000007,3,6,Business Operating Account,Deposit,GBP,2020-04-18T12:00:00Z,20200418,Active,0.0
8,ACCT000008,4,3,Student Checking,Deposit,USD,2023-02-28T12:00:00Z,20230228,Dormant,0.0
9,ACCT000009,4,5,Contoso Platinum Credit,Credit Card,EUR,2022-07-03T12:00:00Z,20220703,Active,50000
10,ACCT000010,4,1,Everyday Checking,Deposit,SGD,2021-01-05T12:00:00Z,20210105,Active,0.0
11,ACCT000011,5,9,Home Mortgage,Lending,AED,2024-11-05T12:00:00Z,20241105,Active,0.0
12,ACCT000012,5,5,Contoso Platinum Credit,Credit Card,AED,2019-10-22T12:00:00Z,20191022,Active,2000
13,ACCT000013,6,4,Contoso Cashback Credit,Credit Card,GBP,2025-04-06T12:00:00Z,20250406,Active,50000
14,ACCT000014,6,10,Wealth Brokerage,Investment,USD,2025-04-05T12:00:00Z,20250405,Active,0.0
15,ACCT000015,6,1,Everyday Checking,Deposit,USD,2026-04-30T12:00:00Z,20260430,Dormant,0.0
16,ACCT000016,7,8,Auto Loan,Lending,EUR,2019-02-03T12:00:00Z,20190203,Active,0.0
17,ACCT000017,7,10,Wealth Brokerage,Investment,USD,2022-10-14T12:00:00Z,20221014,Active,0.0
18,ACCT000018,8,2,Premier Savings,Deposit,SGD,2024-06-03T12:00:00Z,20240603,Active,0.0
19,ACCT000019,8,4,Contoso Cashback Credit,Credit Card,SGD,2024-05-31T12:00:00Z,20240531,Dormant,2000
20,ACCT000020,8,1,Everyday Checking,Deposit,USD,2021-12-07T12:00:00Z,20211207,Active,0.0
21,ACCT000021,9,5,Contoso Platinum Credit,Credit Card,EUR,2020-01-07T12:00:00Z,20200107,Active,10000
22,ACCT000022,9,1,Everyday Checking,Deposit,INR,2021-04-16T12:00:00Z,20210416,Frozen,0.0
23,ACCT000023,9,9,Home Mortgage,Lending,USD,2020-07-04T12:00:00Z,20200704,Active,0.0
24,ACCT000024,9,3,Student Checking,Deposit,USD,2020-09-24T12:00:00Z,20200924,Active,0.0
25,ACCT000025,10,6,Business Operating Account,Deposit,USD,2019-02-12T12:00:00Z,20190212,Active,0.0
26,ACCT000026,10,3,Student Checking,Deposit,SGD,2026-03-25T12:00:00Z,20260325,Active,0.0
27,ACCT000027,10,8,Auto Loan,Lending,SGD,2023-01-29T12:00:00Z,20230129,Active,0.0
28,ACCT000028,11,10,Wealth Brokerage,Investment,SGD,2019-03-23T12:00:00Z,20190323,Active,0.0
29,ACCT000029,12,6,Business Operating Account,Deposit,USD,2021-11-22T12:00:00Z,20211122,Active,0.0
30,ACCT000030,12,2,Premier Savings,Deposit,USD,2024-10-23T12:00:00Z,20241023,Active,0.0
31,ACCT000031,13,7,Business Line of Credit,Lending,EUR,2023-09-30T12:00:00Z,20230930,Active,0.0
32,ACCT000032,14,5,Contoso Platinum Credit,Credit Card,AED,2022-05-10T12:00:00Z,20220510,Active,2000
33,ACCT000033,14,1,Everyday Checking,Deposit,USD,2025-01-22T12:00:00Z,20250122,Active,0.0
34,ACCT000034,14,10,Wealth Brokerage,Investment,AED,2021-11-03T12:00:00Z,20211103,Active,0.0
35,ACCT000035,14,6,Business Operating Account,Deposit,AED,2022-11-25T12:00:00Z,20221125,Active,0.0
36,ACCT000036,15,5,Contoso Platinum Credit,Credit Card,USD,2023-12-06T12:00:00Z,20231206,Dormant,15000
37,ACCT000037,15,6,Business Operating Account,Deposit,INR,2021-04-14T12:00:00Z,20210414,Active,0.0
38,ACCT000038,15,4,Contoso Cashback Credit,Credit Card,GBP,2022-03-13T12:00:00Z,20220313,Active,25000
39,ACCT000039,16,4,Contoso Cashback Credit,Credit Card,EUR,2020-06-29T12:00:00Z,20200629,Active,50000
40,ACCT000040,16,10,Wealth Brokerage,Investment,USD,2025-07-06T12:00:00Z,20250706,Active,0.0
41,ACCT000041,16,2,Premier Savings,Deposit,INR,2025-09-11T12:00:00Z,20250911,Active,0.0
42,ACCT000042,17,9,Home Mortgage,Lending,SGD,2024-09-15T12:00:00Z,20240915,Active,0.0
43,ACCT000043,18,2,Premier Savings,Deposit,USD,2018-05-07T12:00:00Z,20180507,Active,0.0
44,ACCT000044,18,4,Contoso Cashback Credit,Credit Card,GBP,2020-08-30T12:00:00Z,20200830,Active,2000
45,ACCT000045,19,7,Business Line of Credit,Lending,INR,2021-04-06T12:00:00Z,20210406,Active,0.0
46,ACCT000046,20,5,Contoso Platinum Credit,Credit Card,AED,2021-12-12T12:00:00Z,20211212,Active,2000
47,ACCT000047,20,1,Everyday Checking,Deposit,USD,2023-12-11T12:00:00Z,20231211,Active,0.0
48,ACCT000048,21,2,Premier Savings,Deposit,USD,2025-09-17T12:00:00Z,20250917,Dormant,0.0
49,ACCT000049,21,9,Home Mortgage,Lending,GBP,2021-02-03T12:00:00Z,20210203,Active,0.0
50,ACCT000050,22,3,Student Checking,Deposit,AED,2019-03-12T12:00:00Z,20190312,Dormant,0.0
51,ACCT000051,23,6,Business Operating Account,Deposit,AED,2022-02-25T12:00:00Z,20220225,Active,0.0
52,ACCT000052,23,7,Business Line of Credit,Lending,USD,2018-12-19T12:00:00Z,20181219,Active,0.0
53,ACCT000053,23,8,Auto Loan,Lending,USD,2019-01-22T12:00:00Z,20190122,Active,0.0
54,ACCT000054,23,9,Home Mortgage,Lending,GBP,2024-05-20T12:00:00Z,20240520,Frozen,0.0
55,ACCT000055,24,4,Contoso Cashback Credit,Credit Card,AED,2026-02-17T12:00:00Z,20260217,Dormant,15000
56,ACCT000056,24,1,Everyday Checking,Deposit,INR,2018-04-28T12:00:00Z,20180428,Active,0.0
57,ACCT000057,25,4,Contoso Cashback Credit,Credit Card,USD,2021-03-22T12:00:00Z,20210322,Active,10000
58,ACCT000058,25,10,Wealth Brokerage,Investment,USD,2018-04-04T12:00:00Z,20180404,Active,0.0
59,ACCT000059,26,7,Business Line of Credit,Lending,INR,2024-01-28T12:00:00Z,20240128,Active,0.0
60,ACCT000060,26,1,Everyday Checking,Deposit,AED,2026-01-04T12:00:00Z,20260104,Active,0.0
61,ACCT000061,26,4,Contoso Cashback Credit,Credit Card,AED,2018-07-02T12:00:00Z,20180702,Active,5000
62,ACCT000062,27,8,Auto Loan,Lending,SGD,2023-10-05T12:00:00Z,20231005,Active,0.0
63,ACCT000063,28,1,Everyday Checking,Deposit,AED,2023-10-05T12:00:00Z,20231005,Active,0.0
64,ACCT000064,28,3,Student Checking,Deposit,INR,2019-12-05T12:00:00Z,20191205,Active,0.0
65,ACCT000065,28,5,Contoso Platinum Credit,Credit Card,EUR,2018-11-05T12:00:00Z,20181105,Active,5000
66,ACCT000066,29,9,Home Mortgage,Lending,INR,2023-01-07T12:00:00Z,20230107,Active,0.0
67,ACCT000067,29,4,Contoso Cashback Credit,Credit Card,AED,2019-10-02T12:00:00Z,20191002,Active,5000
68,ACCT000068,29,7,Business Line of Credit,Lending,GBP,2018-10-10T12:00:00Z,20181010,Active,0.0
69,ACCT000069,30,6,Business Operating Account,Deposit,SGD,2019-03-04T12:00:00Z,20190304,Active,0.0
70,ACCT000070,31,7,Business Line of Credit,Lending,USD,2024-09-17T12:00:00Z,20240917,Active,0.0
71,ACCT000071,31,10,Wealth Brokerage,Investment,SGD,2020-05-09T12:00:00Z,20200509,Active,0.0
72,ACCT000072,32,3,Student Checking,Deposit,INR,2021-03-12T12:00:00Z,20210312,Active,0.0
73,ACCT000073,33,7,Business Line of Credit,Lending,USD,2020-06-11T12:00:00Z,20200611,Active,0.0
74,ACCT000074,33,9,Home Mortgage,Lending,AED,2023-07-12T12:00:00Z,20230712,Active,0.0
75,ACCT000075,34,8,Auto Loan,Lending,AED,2022-03-24T12:00:00Z,20220324,Active,0.0
76,ACCT000076,35,1,Everyday Checking,Deposit,USD,2018-10-31T12:00:00Z,20181031,Active,0.0
77,ACCT000077,35,5,Contoso Platinum Credit,Credit Card,AED,2025-07-27T12:00:00Z,20250727,Active,25000
78,ACCT000078,35,7,Business Line of Credit,Lending,GBP,2018-11-09T12:00:00Z,20181109,Active,0.0
79,ACCT000079,36,6,Business Operating Account,Deposit,USD,2022-12-27T12:00:00Z,20221227,Dormant,0.0
80,ACCT000080,37,4,Contoso Cashback Credit,Credit Card,USD,2025-01-26T12:00:00Z,20250126,Active,15000
81,ACCT000081,38,4,Contoso Cashback Credit,Credit Card,GBP,2023-09-14T12:00:00Z,20230914,Active,10000
82,ACCT000082,38,7,Business Line of Credit,Lending,EUR,2021-02-27T12:00:00Z,20210227,Active,0.0
83,ACCT000083,39,6,Business Operating Account,Deposit,GBP,2020-08-20T12:00:00Z,20200820,Active,0.0
84,ACCT000084,40,8,Auto Loan,Lending,EUR,2022-10-18T12:00:00Z,20221018,Active,0.0
85,ACCT000085,41,1,Everyday Checking,Deposit,AED,2020-01-29T12:00:00Z,20200129,Active,0.0
86,ACCT000086,42,5,Contoso Platinum Credit,Credit Card,AED,2020-03-07T12:00:00Z,20200307,Dormant,25000
87,ACCT000087,43,3,Student Checking,Deposit,INR,2022-09-08T12:00:00Z,20220908,Active,0.0
88,ACCT000088,43,4,Contoso Cashback Credit,Credit Card,AED,2023-08-19T12:00:00Z,20230819,Active,50000
89,ACCT000089,44,8,Auto Loan,Lending,GBP,2018-04-10T12:00:00Z,20180410,Active,0.0
90,ACCT000090,45,6,Business Operating Account,Deposit,GBP,2024-10-25T12:00:00Z,20241025,Active,0.0
91,ACCT000091,45,3,Student Checking,Deposit,INR,2024-04-28T12:00:00Z,20240428,Active,0.0
92,ACCT000092,46,1,Everyday Checking,Deposit,AED,2025-07-21T12:00:00Z,20250721,Dormant,0.0
93,ACCT000093,46,9,Home Mortgage,Lending,GBP,2025-11-04T12:00:00Z,20251104,Active,0.0
94,ACCT000094,46,10,Wealth Brokerage,Investment,USD,2024-11-04T12:00:00Z,20241104,Active,0.0
95,ACCT000095,46,7,Business Line of Credit,Lending,USD,2025-08-16T12:00:00Z,20250816,Active,0.0
96,ACCT000096,47,8,Auto Loan,Lending,AED,2022-03-15T12:00:00Z,20220315,Active,0.0
97,ACCT000097,48,10,Wealth Brokerage,Investment,USD,2018-12-29T12:00:00Z,20181229,Active,0.0
98,ACCT000098,48,8,Auto Loan,Lending,USD,2020-06-02T12:00:00Z,20200602,Active,0.0
99,ACCT000099,49,5,Contoso Platinum Credit,Credit Card,INR,2020-05-18T12:00:00Z,20200518,Dormant,2000
100,ACCT000100,50,7,Business Line of Credit,Lending,USD,2025-04-22T12:00:00Z,20250422,Active,0.0
101,ACCT000101,50,3,Student Checking,Deposit,EUR,2024-03-26T12:00:00Z,20240326,Active,0.0
102,ACCT000102,50,2,Premier Savings,Deposit,GBP,2022-05-31T12:00:00Z,20220531,Active,0.0
103,ACCT000103,51,7,Business Line of Credit,Lending,AED,2021-03-28T12:00:00Z,20210328,Active,0.0
104,ACCT000104,52,2,Premier Savings,Deposit,AED,2019-01-21T12:00:00Z,20190121,Frozen,0.0
105,ACCT000105,53,2,Premier Savings,Deposit,USD,2022-02-27T12:00:00Z,20220227,Active,0.0
106,ACCT000106,53,7,Business Line of Credit,Lending,USD,2019-03-31T12:00:00Z,20190331,Active,0.0
107,ACCT000107,53,9,Home Mortgage,Lending,GBP,2025-06-17T12:00:00Z,20250617,Active,0.0
108,ACCT000108,54,6,Business Operating Account,Deposit,USD,2020-06-18T12:00:00Z,20200618,Active,0.0
109,ACCT000109,54,2,Premier Savings,Deposit,AED,2024-01-07T12:00:00Z,20240107,Active,0.0
110,ACCT000110,55,8,Auto Loan,Lending,EUR,2025-07-21T12:00:00Z,20250721,Active,0.0
111,ACCT000111,55,5,Contoso Platinum Credit,Credit Card,USD,2020-04-18T12:00:00Z,20200418,Active,2000
112,ACCT000112,55,1,Everyday Checking,Deposit,USD,2022-11-10T12:00:00Z,20221110,Active,0.0
113,ACCT000113,56,7,Business Line of Credit,Lending,USD,2023-01-12T12:00:00Z,20230112,Active,0.0
114,ACCT000114,56,2,Premier Savings,Deposit,GBP,2020-01-12T12:00:00Z,20200112,Active,0.0
115,ACCT000115,57,9,Home Mortgage,Lending,USD,2022-01-30T12:00:00Z,20220130,Active,0.0
116,ACCT000116,57,6,Business Operating Account,Deposit,INR,2018-08-28T12:00:00Z,20180828,Active,0.0
117,ACCT000117,58,6,Business Operating Account,Deposit,SGD,2025-04-16T12:00:00Z,20250416,Active,0.0
118,ACCT000118,58,1,Everyday Checking,Deposit,SGD,2025-07-14T12:00:00Z,20250714,Active,0.0
119,ACCT000119,59,10,Wealth Brokerage,Investment,EUR,2022-09-23T12:00:00Z,20220923,Active,0.0
120,ACCT000120,59,7,Business Line of Credit,Lending,EUR,2021-05-02T12:00:00Z,20210502,Active,0.0
121,ACCT000121,60,7,Business Line of Credit,Lending,AED,2024-04-21T12:00:00Z,20240421,Active,0.0
122,ACCT000122,60,10,Wealth Brokerage,Investment,INR,2022-02-15T12:00:00Z,20220215,Active,0.0
123,ACCT000123,61,4,Contoso Cashback Credit,Credit Card,USD,2018-05-23T12:00:00Z,20180523,Active,10000
124,ACCT000124,62,3,Student Checking,Deposit,USD,2022-11-01T12:00:00Z,20221101,Active,0.0
125,ACCT000125,62,7,Business Line of Credit,Lending,GBP,2026-04-30T12:00:00Z,20260430,Dormant,0.0
126,ACCT000126,63,5,Contoso Platinum Credit,Credit Card,GBP,2024-11-25T12:00:00Z,20241125,Active,15000
127,ACCT000127,63,2,Premier Savings,Deposit,GBP,2020-02-21T12:00:00Z,20200221,Active,0.0
128,ACCT000128,64,2,Premier Savings,Deposit,INR,2022-06-02T12:00:00Z,20220602,Active,0.0
129,ACCT000129,65,6,Business Operating Account,Deposit,GBP,2026-04-01T12:00:00Z,20260401,Active,0.0
130,ACCT000130,65,7,Business Line of Credit,Lending,INR,2025-06-09T12:00:00Z,20250609,Active,0.0
131,ACCT000131,66,4,Contoso Cashback Credit,Credit Card,EUR,2018-09-13T12:00:00Z,20180913,Active,5000
132,ACCT000132,66,9,Home Mortgage,Lending,USD,2023-01-04T12:00:00Z,20230104,Active,0.0
133,ACCT000133,66,3,Student Checking,Deposit,EUR,2025-09-04T12:00:00Z,20250904,Active,0.0
134,ACCT000134,67,8,Auto Loan,Lending,USD,2022-05-03T12:00:00Z,20220503,Active,0.0
135,ACCT000135,67,2,Premier Savings,Deposit,INR,2018-04-21T12:00:00Z,20180421,Active,0.0
136,ACCT000136,68,8,Auto Loan,Lending,GBP,2024-11-13T12:00:00Z,20241113,Active,0.0
137,ACCT000137,68,2,Premier Savings,Deposit,GBP,2022-08-30T12:00:00Z,20220830,Active,0.0
138,ACCT000138,69,6,Business Operating Account,Deposit,SGD,2021-07-23T12:00:00Z,20210723,Active,0.0
139,ACCT000139,69,8,Auto Loan,Lending,USD,2019-02-01T12:00:00Z,20190201,Dormant,0.0
140,ACCT000140,69,10,Wealth Brokerage,Investment,AED,2023-01-07T12:00:00Z,20230107,Active,0.0
141,ACCT000141,70,6,Business Operating Account,Deposit,EUR,2024-05-24T12:00:00Z,20240524,Dormant,0.0
142,ACCT000142,71,8,Auto Loan,Lending,EUR,2019-12-06T12:00:00Z,20191206,Active,0.0
143,ACCT000143,72,7,Business Line of Credit,Lending,USD,2025-02-09T12:00:00Z,20250209,Dormant,0.0
144,ACCT000144,72,6,Business Operating Account,Deposit,USD,2019-09-30T12:00:00Z,20190930,Frozen,0.0
145,ACCT000145,73,9,Home Mortgage,Lending,USD,2021-03-18T12:00:00Z,20210318,Dormant,0.0
146,ACCT000146,73,1,Everyday Checking,Deposit,SGD,2021-06-21T12:00:00Z,20210621,Active,0.0
147,ACCT000147,74,7,Business Line of Credit,Lending,USD,2024-10-28T12:00:00Z,20241028,Active,0.0
148,ACCT000148,74,8,Auto Loan,Lending,AED,2023-07-22T12:00:00Z,20230722,Active,0.0
149,ACCT000149,75,7,Business Line of Credit,Lending,GBP,2021-05-08T12:00:00Z,20210508,Frozen,0.0
150,ACCT000150,75,2,Premier Savings,Deposit,INR,2019-11-10T12:00:00Z,20191110,Active,0.0
151,ACCT000151,76,7,Business Line of Credit,Lending,SGD,2022-05-10T12:00:00Z,20220510,Active,0.0
152,ACCT000152,76,9,Home Mortgage,Lending,USD,2020-05-13T12:00:00Z,20200513,Active,0.0
153,ACCT000153,76,1,Everyday Checking,Deposit,AED,2025-02-28T12:00:00Z,20250228,Active,0.0
154,ACCT000154,77,3,Student Checking,Deposit,AED,2020-01-27T12:00:00Z,20200127,Frozen,0.0
155,ACCT000155,77,1,Everyday Checking,Deposit,SGD,2019-02-18T12:00:00Z,20190218,Active,0.0
156,ACCT000156,78,7,Business Line of Credit,Lending,EUR,2025-03-14T12:00:00Z,20250314,Active,0.0
157,ACCT000157,79,9,Home Mortgage,Lending,INR,2020-02-17T12:00:00Z,20200217,Active,0.0
158,ACCT000158,80,6,Business Operating Account,Deposit,AED,2021-12-31T12:00:00Z,20211231,Active,0.0
159,ACCT000159,81,9,Home Mortgage,Lending,GBP,2022-07-09T12:00:00Z,20220709,Frozen,0.0
160,ACCT000160,81,3,Student Checking,Deposit,USD,2025-03-19T12:00:00Z,20250319,Active,0.0
161,ACCT000161,82,3,Student Checking,Deposit,GBP,2022-06-25T12:00:00Z,20220625,Active,0.0
162,ACCT000162,83,9,Home Mortgage,Lending,AED,2021-01-17T12:00:00Z,20210117,Active,0.0
163,ACCT000163,83,8,Auto Loan,Lending,USD,2018-07-29T12:00:00Z,20180729,Active,0.0
164,ACCT000164,83,6,Business Operating Account,Deposit,AED,2023-01-08T12:00:00Z,20230108,Active,0.0
165,ACCT000165,84,6,Business Operating Account,Deposit,SGD,2019-02-13T12:00:00Z,20190213,Active,0.0
166,ACCT000166,85,4,Contoso Cashback Credit,Credit Card,EUR,2020-08-07T12:00:00Z,20200807,Active,5000
167,ACCT000167,86,8,Auto Loan,Lending,USD,2021-11-04T12:00:00Z,20211104,Active,0.0
168,ACCT000168,86,4,Contoso Cashback Credit,Credit Card,USD,2019-03-16T12:00:00Z,20190316,Active,15000
169,ACCT000169,87,4,Contoso Cashback Credit,Credit Card,AED,2019-09-30T12:00:00Z,20190930,Active,2000
170,ACCT000170,87,8,Auto Loan,Lending,SGD,2023-12-24T12:00:00Z,20231224,Active,0.0
171,ACCT000171,88,2,Premier Savings,Deposit,EUR,2020-05-13T12:00:00Z,20200513,Active,0.0
172,ACCT000172,88,10,Wealth Brokerage,Investment,EUR,2024-03-05T12:00:00Z,20240305,Active,0.0
173,ACCT000173,89,8,Auto Loan,Lending,GBP,2019-03-22T12:00:00Z,20190322,Active,0.0
174,ACCT000174,89,9,Home Mortgage,Lending,USD,2019-07-14T12:00:00Z,20190714,Active,0.0
175,ACCT000175,90,8,Auto Loan,Lending,AED,2019-06-19T12:00:00Z,20190619,Active,0.0
176,ACCT000176,91,5,Contoso Platinum Credit,Credit Card,USD,2018-11-07T12:00:00Z,20181107,Active,2000
177,ACCT000177,91,2,Premier Savings,Deposit,EUR,2022-12-18T12:00:00Z,20221218,Active,0.0
178,ACCT000178,92,9,Home Mortgage,Lending,INR,2021-09-11T12:00:00Z,20210911,Active,0.0
179,ACCT000179,92,7,Business Line of Credit,Lending,GBP,2022-01-31T12:00:00Z,20220131,Active,0.0
180,ACCT000180,93,3,Student Checking,Deposit,USD,2024-07-07T12:00:00Z,20240707,Active,0.0
181,ACCT000181,93,9,Home Mortgage,Lending,GBP,2024-04-15T12:00:00Z,20240415,Active,0.0
182,ACCT000182,94,6,Business Operating Account,Deposit,SGD,2020-12-14T12:00:00Z,20201214,Active,0.0
183,ACCT000183,94,1,Everyday Checking,Deposit,INR,2022-01-30T12:00:00Z,20220130,Dormant,0.0
184,ACCT000184,95,7,Business Line of Credit,Lending,GBP,2021-09-22T12:00:00Z,20210922,Active,0.0
185,ACCT000185,95,8,Auto Loan,Lending,INR,2020-11-27T12:00:00Z,20201127,Active,0.0
186,ACCT000186,96,4,Contoso Cashback Credit,Credit Card,INR,2023-02-10T12:00:00Z,20230210,Active,5000
187,ACCT000187,97,8,Auto Loan,Lending,SGD,2020-01-17T12:00:00Z,20200117,Active,0.0
188,ACCT000188,98,9,Home Mortgage,Lending,SGD,2019-12-19T12:00:00Z,20191219,Active,0.0
189,ACCT000189,98,2,Premier Savings,Deposit,EUR,2020-04-18T12:00:00Z,20200418,Active,0.0
190,ACCT000190,99,1,Everyday Checking,Deposit,GBP,2020-04-05T12:00:00Z,20200405,Active,0.0
191,ACCT000191,99,8,Auto Loan,Lending,AED,2025-03-28T12:00:00Z,20250328,Active,0.0
192,ACCT000192,100,5,Contoso Platinum Credit,Credit Card,GBP,2023-06-10T12:00:00Z,20230610,Active,2000
193,ACCT000193,100,1,Everyday Checking,Deposit,USD,2025-01-26T12:00:00Z,20250126,Active,0.0
194,ACCT000194,100,8,Auto Loan,Lending,INR,2024-01-13T12:00:00Z,20240113,Active,0.0
195,ACCT000195,101,10,Wealth Brokerage,Investment,SGD,2024-07-11T12:00:00Z,20240711,Active,0.0
196,ACCT000196,101,7,Business Line of Credit,Lending,SGD,2024-01-26T12:00:00Z,20240126,Active,0.0
197,ACCT000197,102,6,Business Operating Account,Deposit,INR,2020-06-01T12:00:00Z,20200601,Active,0.0
198,ACCT000198,103,5,Contoso Platinum Credit,Credit Card,AED,2023-02-21T12:00:00Z,20230221,Active,25000
199,ACCT000199,104,3,Student Checking,Deposit,USD,2023-04-12T12:00:00Z,20230412,Active,0.0
200,ACCT000200,104,7,Business Line of Credit,Lending,USD,2018-07-09T12:00:00Z,20180709,Active,0.0
201,ACCT000201,104,1,Everyday Checking,Deposit,SGD,2024-09-29T12:00:00Z,20240929,Active,0.0
202,ACCT000202,105,7,Business Line of Credit,Lending,AED,2020-11-24T12:00:00Z,20201124,Active,0.0
203,ACCT000203,106,7,Business Line of Credit,Lending,AED,2022-03-07T12:00:00Z,20220307,Active,0.0
204,ACCT000204,107,2,Premier Savings,Deposit,EUR,2018-08-06T12:00:00Z,20180806,Dormant,0.0
205,ACCT000205,107,7,Business Line of Credit,Lending,EUR,2021-04-15T12:00:00Z,20210415,Dormant,0.0
206,ACCT000206,107,5,Contoso Platinum Credit,Credit Card,USD,2019-11-11T12:00:00Z,20191111,Active,50000
207,ACCT000207,108,8,Auto Loan,Lending,GBP,2025-09-04T12:00:00Z,20250904,Active,0.0
208,ACCT000208,108,6,Business Operating Account,Deposit,SGD,2023-12-11T12:00:00Z,20231211,Dormant,0.0
209,ACCT000209,109,5,Contoso Platinum Credit,Credit Card,INR,2022-10-07T12:00:00Z,20221007,Active,10000
210,ACCT000210,110,10,Wealth Brokerage,Investment,SGD,2022-07-14T12:00:00Z,20220714,Active,0.0
211,ACCT000211,110,8,Auto Loan,Lending,AED,2025-11-04T12:00:00Z,20251104,Active,0.0
212,ACCT000212,111,8,Auto Loan,Lending,USD,2024-08-12T12:00:00Z,20240812,Active,0.0
213,ACCT000213,111,1,Everyday Checking,Deposit,AED,2021-08-03T12:00:00Z,20210803,Active,0.0
214,ACCT000214,111,2,Premier Savings,Deposit,EUR,2024-11-27T12:00:00Z,20241127,Active,0.0
215,ACCT000215,112,5,Contoso Platinum Credit,Credit Card,USD,2025-05-04T12:00:00Z,20250504,Active,10000
216,ACCT000216,113,3,Student Checking,Deposit,AED,2021-12-10T12:00:00Z,20211210,Active,0.0
217,ACCT000217,113,1,Everyday Checking,Deposit,GBP,2018-07-18T12:00:00Z,20180718,Active,0.0
218,ACCT000218,114,2,Premier Savings,Deposit,USD,2023-12-29T12:00:00Z,20231229,Active,0.0
219,ACCT000219,114,1,Everyday Checking,Deposit,AED,2019-09-24T12:00:00Z,20190924,Active,0.0
220,ACCT000220,115,1,Everyday Checking,Deposit,GBP,2025-01-13T12:00:00Z,20250113,Frozen,0.0
221,ACCT000221,115,6,Business Operating Account,Deposit,USD,2018-08-09T12:00:00Z,20180809,Active,0.0
222,ACCT000222,116,2,Premier Savings,Deposit,EUR,2025-03-28T12:00:00Z,20250328,Active,0.0
223,ACCT000223,117,3,Student Checking,Deposit,USD,2019-03-12T12:00:00Z,20190312,Frozen,0.0
224,ACCT000224,117,7,Business Line of Credit,Lending,USD,2025-08-14T12:00:00Z,20250814,Active,0.0
225,ACCT000225,117,10,Wealth Brokerage,Investment,GBP,2019-07-18T12:00:00Z,20190718,Active,0.0
226,ACCT000226,118,4,Contoso Cashback Credit,Credit Card,SGD,2021-10-08T12:00:00Z,20211008,Active,15000
227,ACCT000227,118,3,Student Checking,Deposit,USD,2023-12-14T12:00:00Z,20231214,Active,0.0
228,ACCT000228,119,2,Premier Savings,Deposit,EUR,2019-10-11T12:00:00Z,20191011,Active,0.0
229,ACCT000229,120,6,Business Operating Account,Deposit,INR,2019-02-27T12:00:00Z,20190227,Active,0.0
230,ACCT000230,120,3,Student Checking,Deposit,INR,2019-08-25T12:00:00Z,20190825,Active,0.0
231,ACCT000231,120,4,Contoso Cashback Credit,Credit Card,USD,2023-03-11T12:00:00Z,20230311,Active,50000
232,ACCT000232,120,9,Home Mortgage,Lending,USD,2019-01-02T12:00:00Z,20190102,Active,0.0
233,ACCT000233,121,9,Home Mortgage,Lending,USD,2021-12-29T12:00:00Z,20211229,Active,0.0
234,ACCT000234,121,4,Contoso Cashback Credit,Credit Card,USD,2023-09-14T12:00:00Z,20230914,Active,2000
235,ACCT000235,122,10,Wealth Brokerage,Investment,USD,2020-06-18T12:00:00Z,20200618,Active,0.0
236,ACCT000236,122,2,Premier Savings,Deposit,USD,2022-05-03T12:00:00Z,20220503,Dormant,0.0
237,ACCT000237,123,10,Wealth Brokerage,Investment,USD,2022-04-16T12:00:00Z,20220416,Active,0.0
238,ACCT000238,123,7,Business Line of Credit,Lending,SGD,2021-02-07T12:00:00Z,20210207,Dormant,0.0
239,ACCT000239,124,10,Wealth Brokerage,Investment,USD,2025-08-18T12:00:00Z,20250818,Active,0.0
240,ACCT000240,125,1,Everyday Checking,Deposit,AED,2021-12-03T12:00:00Z,20211203,Active,0.0
241,ACCT000241,126,7,Business Line of Credit,Lending,AED,2018-07-08T12:00:00Z,20180708,Active,0.0
242,ACCT000242,126,10,Wealth Brokerage,Investment,USD,2020-05-15T12:00:00Z,20200515,Active,0.0
243,ACCT000243,127,5,Contoso Platinum Credit,Credit Card,SGD,2025-07-02T12:00:00Z,20250702,Active,5000
244,ACCT000244,128,6,Business Operating Account,Deposit,SGD,2022-01-02T12:00:00Z,20220102,Active,0.0
245,ACCT000245,129,2,Premier Savings,Deposit,USD,2023-09-17T12:00:00Z,20230917,Active,0.0
246,ACCT000246,129,5,Contoso Platinum Credit,Credit Card,INR,2021-07-07T12:00:00Z,20210707,Active,25000
247,ACCT000247,129,7,Business Line of Credit,Lending,AED,2025-10-08T12:00:00Z,20251008,Active,0.0
248,ACCT000248,130,3,Student Checking,Deposit,AED,2026-03-31T12:00:00Z,20260331,Active,0.0
249,ACCT000249,130,2,Premier Savings,Deposit,EUR,2026-04-05T12:00:00Z,20260405,Active,0.0
250,ACCT000250,131,5,Contoso Platinum Credit,Credit Card,AED,2022-03-20T12:00:00Z,20220320,Active,10000
251,ACCT000251,131,3,Student Checking,Deposit,USD,2025-01-23T12:00:00Z,20250123,Active,0.0
252,ACCT000252,132,7,Business Line of Credit,Lending,EUR,2023-05-03T12:00:00Z,20230503,Active,0.0
253,ACCT000253,133,10,Wealth Brokerage,Investment,EUR,2020-10-27T12:00:00Z,20201027,Active,0.0
254,ACCT000254,133,2,Premier Savings,Deposit,INR,2025-10-06T12:00:00Z,20251006,Active,0.0
255,ACCT000255,134,3,Student Checking,Deposit,INR,2023-07-12T12:00:00Z,20230712,Active,0.0
256,ACCT000256,135,2,Premier Savings,Deposit,SGD,2020-09-05T12:00:00Z,20200905,Active,0.0
257,ACCT000257,135,4,Contoso Cashback Credit,Credit Card,EUR,2026-04-01T12:00:00Z,20260401,Active,15000
258,ACCT000258,136,3,Student Checking,Deposit,AED,2025-12-28T12:00:00Z,20251228,Active,0.0
259,ACCT000259,136,10,Wealth Brokerage,Investment,EUR,2019-01-13T12:00:00Z,20190113,Active,0.0
260,ACCT000260,137,6,Business Operating Account,Deposit,INR,2023-05-06T12:00:00Z,20230506,Active,0.0
261,ACCT000261,138,9,Home Mortgage,Lending,INR,2024-05-17T12:00:00Z,20240517,Active,0.0
262,ACCT000262,138,1,Everyday Checking,Deposit,USD,2025-11-14T12:00:00Z,20251114,Dormant,0.0
263,ACCT000263,139,5,Contoso Platinum Credit,Credit Card,EUR,2025-06-02T12:00:00Z,20250602,Active,2000
264,ACCT000264,139,10,Wealth Brokerage,Investment,SGD,2024-02-20T12:00:00Z,20240220,Active,0.0
265,ACCT000265,139,6,Business Operating Account,Deposit,USD,2022-12-24T12:00:00Z,20221224,Active,0.0
266,ACCT000266,140,10,Wealth Brokerage,Investment,INR,2024-03-12T12:00:00Z,20240312,Active,0.0
267,ACCT000267,140,8,Auto Loan,Lending,GBP,2023-08-21T12:00:00Z,20230821,Active,0.0
268,ACCT000268,141,9,Home Mortgage,Lending,AED,2022-07-03T12:00:00Z,20220703,Active,0.0
269,ACCT000269,142,6,Business Operating Account,Deposit,INR,2022-12-09T12:00:00Z,20221209,Active,0.0
270,ACCT000270,142,1,Everyday Checking,Deposit,USD,2023-09-19T12:00:00Z,20230919,Active,0.0
271,ACCT000271,142,7,Business Line of Credit,Lending,USD,2024-10-15T12:00:00Z,20241015,Active,0.0
272,ACCT000272,143,4,Contoso Cashback Credit,Credit Card,GBP,2020-07-23T12:00:00Z,20200723,Active,10000
273,ACCT000273,144,2,Premier Savings,Deposit,INR,2021-12-18T12:00:00Z,20211218,Active,0.0
274,ACCT000274,144,10,Wealth Brokerage,Investment,USD,2025-09-08T12:00:00Z,20250908,Active,0.0
275,ACCT000275,144,3,Student Checking,Deposit,SGD,2023-09-25T12:00:00Z,20230925,Active,0.0
276,ACCT000276,144,6,Business Operating Account,Deposit,GBP,2022-11-08T12:00:00Z,20221108,Active,0.0
277,ACCT000277,145,6,Business Operating Account,Deposit,USD,2021-04-23T12:00:00Z,20210423,Active,0.0
278,ACCT000278,145,10,Wealth Brokerage,Investment,SGD,2024-02-11T12:00:00Z,20240211,Active,0.0
279,ACCT000279,146,3,Student Checking,Deposit,EUR,2024-07-17T12:00:00Z,20240717,Active,0.0
280,ACCT000280,146,2,Premier Savings,Deposit,EUR,2021-10-29T12:00:00Z,20211029,Active,0.0
281,ACCT000281,147,4,Contoso Cashback Credit,Credit Card,USD,2023-06-01T12:00:00Z,20230601,Active,2000
282,ACCT000282,147,8,Auto Loan,Lending,AED,2018-09-10T12:00:00Z,20180910,Active,0.0
283,ACCT000283,147,5,Contoso Platinum Credit,Credit Card,SGD,2018-07-28T12:00:00Z,20180728,Active,5000
284,ACCT000284,147,10,Wealth Brokerage,Investment,AED,2022-09-17T12:00:00Z,20220917,Active,0.0
285,ACCT000285,148,6,Business Operating Account,Deposit,AED,2021-12-10T12:00:00Z,20211210,Active,0.0
286,ACCT000286,149,3,Student Checking,Deposit,SGD,2026-01-14T12:00:00Z,20260114,Dormant,0.0
287,ACCT000287,150,9,Home Mortgage,Lending,SGD,2025-04-29T12:00:00Z,20250429,Active,0.0
288,ACCT000288,150,4,Contoso Cashback Credit,Credit Card,SGD,2024-10-26T12:00:00Z,20241026,Active,2000
289,ACCT000289,151,4,Contoso Cashback Credit,Credit Card,AED,2021-11-23T12:00:00Z,20211123,Active,50000
290,ACCT000290,151,3,Student Checking,Deposit,EUR,2025-06-11T12:00:00Z,20250611,Active,0.0
291,ACCT000291,151,10,Wealth Brokerage,Investment,USD,2025-07-18T12:00:00Z,20250718,Active,0.0
292,ACCT000292,152,8,Auto Loan,Lending,SGD,2024-12-10T12:00:00Z,20241210,Active,0.0
293,ACCT000293,153,6,Business Operating Account,Deposit,INR,2021-03-20T12:00:00Z,20210320,Active,0.0
294,ACCT000294,153,2,Premier Savings,Deposit,GBP,2021-07-12T12:00:00Z,20210712,Active,0.0
295,ACCT000295,153,1,Everyday Checking,Deposit,AED,2020-10-27T12:00:00Z,20201027,Active,0.0
296,ACCT000296,154,6,Business Operating Account,Deposit,GBP,2024-04-15T12:00:00Z,20240415,Active,0.0
297,ACCT000297,154,4,Contoso Cashback Credit,Credit Card,INR,2024-09-20T12:00:00Z,20240920,Active,25000
298,ACCT000298,155,5,Contoso Platinum Credit,Credit Card,GBP,2020-10-16T12:00:00Z,20201016,Active,25000
299,ACCT000299,156,5,Contoso Platinum Credit,Credit Card,AED,2022-02-03T12:00:00Z,20220203,Active,5000
300,ACCT000300,157,9,Home Mortgage,Lending,EUR,2022-02-05T12:00:00Z,20220205,Active,0.0
301,ACCT000301,157,4,Contoso Cashback Credit,Credit Card,EUR,2021-01-03T12:00:00Z,20210103,Active,15000
302,ACCT000302,157,1,Everyday Checking,Deposit,GBP,2020-01-17T12:00:00Z,20200117,Active,0.0
303,ACCT000303,158,1,Everyday Checking,Deposit,USD,2022-10-23T12:00:00Z,20221023,Active,0.0
304,ACCT000304,159,5,Contoso Platinum Credit,Credit Card,USD,2020-06-13T12:00:00Z,20200613,Active,25000
305,ACCT000305,159,1,Everyday Checking,Deposit,AED,2024-08-06T12:00:00Z,20240806,Active,0.0
306,ACCT000306,159,8,Auto Loan,Lending,SGD,2023-09-07T12:00:00Z,20230907,Active,0.0
307,ACCT000307,160,1,Everyday Checking,Deposit,SGD,2022-05-29T12:00:00Z,20220529,Dormant,0.0
308,ACCT000308,160,4,Contoso Cashback Credit,Credit Card,EUR,2024-06-09T12:00:00Z,20240609,Active,25000
309,ACCT000309,160,7,Business Line of Credit,Lending,INR,2018-07-25T12:00:00Z,20180725,Active,0.0
310,ACCT000310,161,6,Business Operating Account,Deposit,INR,2020-01-08T12:00:00Z,20200108,Active,0.0
311,ACCT000311,162,8,Auto Loan,Lending,USD,2020-11-20T12:00:00Z,20201120,Active,0.0
312,ACCT000312,162,9,Home Mortgage,Lending,USD,2023-10-12T12:00:00Z,20231012,Active,0.0
313,ACCT000313,162,5,Contoso Platinum Credit,Credit Card,INR,2020-06-25T12:00:00Z,20200625,Active,10000
314,ACCT000314,162,2,Premier Savings,Deposit,EUR,2024-02-16T12:00:00Z,20240216,Active,0.0
315,ACCT000315,163,6,Business Operating Account,Deposit,AED,2026-02-21T12:00:00Z,20260221,Active,0.0
316,ACCT000316,163,1,Everyday Checking,Deposit,SGD,2024-10-18T12:00:00Z,20241018,Active,0.0
317,ACCT000317,164,6,Business Operating Account,Deposit,AED,2022-03-13T12:00:00Z,20220313,Active,0.0
318,ACCT000318,164,2,Premier Savings,Deposit,EUR,2021-12-13T12:00:00Z,20211213,Active,0.0
319,ACCT000319,165,3,Student Checking,Deposit,GBP,2024-08-14T12:00:00Z,20240814,Active,0.0
320,ACCT000320,166,8,Auto Loan,Lending,AED,2018-06-16T12:00:00Z,20180616,Dormant,0.0
321,ACCT000321,166,6,Business Operating Account,Deposit,USD,2019-07-04T12:00:00Z,20190704,Active,0.0
322,ACCT000322,166,3,Student Checking,Deposit,USD,2018-12-03T12:00:00Z,20181203,Active,0.0
323,ACCT000323,167,5,Contoso Platinum Credit,Credit Card,INR,2024-05-24T12:00:00Z,20240524,Active,50000
324,ACCT000324,167,3,Student Checking,Deposit,SGD,2021-12-30T12:00:00Z,20211230,Active,0.0
325,ACCT000325,168,1,Everyday Checking,Deposit,INR,2019-07-13T12:00:00Z,20190713,Active,0.0
326,ACCT000326,168,3,Student Checking,Deposit,USD,2025-03-21T12:00:00Z,20250321,Dormant,0.0
327,ACCT000327,168,6,Business Operating Account,Deposit,USD,2022-09-03T12:00:00Z,20220903,Active,0.0
328,ACCT000328,168,7,Business Line of Credit,Lending,USD,2022-07-01T12:00:00Z,20220701,Frozen,0.0
329,ACCT000329,169,2,Premier Savings,Deposit,USD,2021-05-18T12:00:00Z,20210518,Active,0.0
330,ACCT000330,169,6,Business Operating Account,Deposit,EUR,2023-08-03T12:00:00Z,20230803,Active,0.0
331,ACCT000331,170,2,Premier Savings,Deposit,GBP,2018-04-23T12:00:00Z,20180423,Active,0.0
332,ACCT000332,171,7,Business Line of Credit,Lending,GBP,2021-09-29T12:00:00Z,20210929,Active,0.0
333,ACCT000333,171,3,Student Checking,Deposit,USD,2022-06-13T12:00:00Z,20220613,Active,0.0
334,ACCT000334,172,10,Wealth Brokerage,Investment,SGD,2021-04-29T12:00:00Z,20210429,Active,0.0
335,ACCT000335,172,4,Contoso Cashback Credit,Credit Card,EUR,2026-01-05T12:00:00Z,20260105,Active,10000
336,ACCT000336,172,3,Student Checking,Deposit,USD,2025-03-19T12:00:00Z,20250319,Active,0.0
337,ACCT000337,173,3,Student Checking,Deposit,INR,2022-08-06T12:00:00Z,20220806,Active,0.0
338,ACCT000338,173,2,Premier Savings,Deposit,GBP,2020-12-21T12:00:00Z,20201221,Active,0.0
339,ACCT000339,173,9,Home Mortgage,Lending,GBP,2019-01-21T12:00:00Z,20190121,Active,0.0
340,ACCT000340,174,2,Premier Savings,Deposit,USD,2022-09-03T12:00:00Z,20220903,Active,0.0
341,ACCT000341,175,9,Home Mortgage,Lending,EUR,2023-05-31T12:00:00Z,20230531,Active,0.0
342,ACCT000342,175,10,Wealth Brokerage,Investment,GBP,2023-09-22T12:00:00Z,20230922,Active,0.0
343,ACCT000343,176,8,Auto Loan,Lending,GBP,2025-10-10T12:00:00Z,20251010,Active,0.0
344,ACCT000344,176,3,Student Checking,Deposit,AED,2025-05-28T12:00:00Z,20250528,Active,0.0
345,ACCT000345,177,8,Auto Loan,Lending,USD,2025-04-19T12:00:00Z,20250419,Active,0.0
346,ACCT000346,177,4,Contoso Cashback Credit,Credit Card,GBP,2019-03-25T12:00:00Z,20190325,Active,2000
347,ACCT000347,178,5,Contoso Platinum Credit,Credit Card,USD,2020-11-25T12:00:00Z,20201125,Active,10000
348,ACCT000348,178,7,Business Line of Credit,Lending,USD,2019-03-10T12:00:00Z,20190310,Active,0.0
349,ACCT000349,178,8,Auto Loan,Lending,EUR,2022-03-24T12:00:00Z,20220324,Active,0.0
350,ACCT000350,179,1,Everyday Checking,Deposit,EUR,2023-06-08T12:00:00Z,20230608,Active,0.0
351,ACCT000351,180,5,Contoso Platinum Credit,Credit Card,AED,2020-01-22T12:00:00Z,20200122,Active,50000
352,ACCT000352,181,6,Business Operating Account,Deposit,SGD,2020-04-25T12:00:00Z,20200425,Active,0.0
353,ACCT000353,182,9,Home Mortgage,Lending,GBP,2022-01-17T12:00:00Z,20220117,Active,0.0
354,ACCT000354,182,1,Everyday Checking,Deposit,GBP,2020-05-19T12:00:00Z,20200519,Active,0.0
355,ACCT000355,183,4,Contoso Cashback Credit,Credit Card,USD,2023-01-13T12:00:00Z,20230113,Active,50000
356,ACCT000356,183,8,Auto Loan,Lending,INR,2020-10-03T12:00:00Z,20201003,Active,0.0
357,ACCT000357,184,10,Wealth Brokerage,Investment,USD,2021-05-08T12:00:00Z,20210508,Active,0.0
358,ACCT000358,184,3,Student Checking,Deposit,USD,2024-01-05T12:00:00Z,20240105,Active,0.0
359,ACCT000359,184,2,Premier Savings,Deposit,AED,2025-11-28T12:00:00Z,20251128,Active,0.0
360,ACCT000360,185,3,Student Checking,Deposit,SGD,2022-10-20T12:00:00Z,20221020,Active,0.0
361,ACCT000361,185,5,Contoso Platinum Credit,Credit Card,GBP,2025-08-20T12:00:00Z,20250820,Active,25000
362,ACCT000362,186,5,Contoso Platinum Credit,Credit Card,SGD,2021-04-01T12:00:00Z,20210401,Active,2000
363,ACCT000363,186,9,Home Mortgage,Lending,INR,2018-07-14T12:00:00Z,20180714,Active,0.0
364,ACCT000364,187,2,Premier Savings,Deposit,INR,2024-09-21T12:00:00Z,20240921,Active,0.0
365,ACCT000365,187,7,Business Line of Credit,Lending,INR,2025-04-06T12:00:00Z,20250406,Active,0.0
366,ACCT000366,187,3,Student Checking,Deposit,SGD,2025-04-03T12:00:00Z,20250403,Active,0.0
367,ACCT000367,188,6,Business Operating Account,Deposit,GBP,2023-06-05T12:00:00Z,20230605,Active,0.0
368,ACCT000368,188,7,Business Line of Credit,Lending,USD,2019-12-21T12:00:00Z,20191221,Active,0.0
369,ACCT000369,189,7,Business Line of Credit,Lending,AED,2024-10-09T12:00:00Z,20241009,Active,0.0
370,ACCT000370,190,1,Everyday Checking,Deposit,USD,2022-09-02T12:00:00Z,20220902,Active,0.0
371,ACCT000371,190,7,Business Line of Credit,Lending,EUR,2021-01-21T12:00:00Z,20210121,Active,0.0
372,ACCT000372,191,5,Contoso Platinum Credit,Credit Card,SGD,2022-11-25T12:00:00Z,20221125,Active,15000
373,ACCT000373,192,2,Premier Savings,Deposit,AED,2024-11-17T12:00:00Z,20241117,Active,0.0
374,ACCT000374,192,4,Contoso Cashback Credit,Credit Card,EUR,2021-06-02T12:00:00Z,20210602,Active,10000
375,ACCT000375,193,10,Wealth Brokerage,Investment,SGD,2024-04-12T12:00:00Z,20240412,Active,0.0
376,ACCT000376,193,2,Premier Savings,Deposit,SGD,2021-10-27T12:00:00Z,20211027,Active,0.0
377,ACCT000377,194,6,Business Operating Account,Deposit,USD,2020-08-10T12:00:00Z,20200810,Active,0.0
378,ACCT000378,194,1,Everyday Checking,Deposit,GBP,2022-11-24T12:00:00Z,20221124,Active,0.0
379,ACCT000379,195,9,Home Mortgage,Lending,USD,2020-01-04T12:00:00Z,20200104,Active,0.0
380,ACCT000380,196,4,Contoso Cashback Credit,Credit Card,AED,2026-01-06T12:00:00Z,20260106,Active,10000
381,ACCT000381,196,1,Everyday Checking,Deposit,SGD,2024-02-26T12:00:00Z,20240226,Active,0.0
382,ACCT000382,196,10,Wealth Brokerage,Investment,AED,2021-03-07T12:00:00Z,20210307,Active,0.0
383,ACCT000383,197,1,Everyday Checking,Deposit,USD,2020-11-26T12:00:00Z,20201126,Active,0.0
384,ACCT000384,197,4,Contoso Cashback Credit,Credit Card,EUR,2021-01-24T12:00:00Z,20210124,Active,10000
385,ACCT000385,197,6,Business Operating Account,Deposit,EUR,2024-07-21T12:00:00Z,20240721,Active,0.0
386,ACCT000386,198,2,Premier Savings,Deposit,USD,2026-01-29T12:00:00Z,20260129,Active,0.0
387,ACCT000387,198,5,Contoso Platinum Credit,Credit Card,SGD,2019-12-21T12:00:00Z,20191221,Active,5000
388,ACCT000388,199,4,Contoso Cashback Credit,Credit Card,GBP,2018-10-15T12:00:00Z,20181015,Active,50000
389,ACCT000389,200,1,Everyday Checking,Deposit,INR,2024-11-26T12:00:00Z,20241126,Active,0.0
390,ACCT000390,200,8,Auto Loan,Lending,INR,2026-04-17T12:00:00Z,20260417,Active,0.0
391,ACCT000391,201,5,Contoso Platinum Credit,Credit Card,EUR,2022-03-01T12:00:00Z,20220301,Active,15000
392,ACCT000392,201,10,Wealth Brokerage,Investment,AED,2023-12-10T12:00:00Z,20231210,Active,0.0
393,ACCT000393,201,7,Business Line of Credit,Lending,GBP,2020-07-19T12:00:00Z,20200719,Active,0.0
394,ACCT000394,202,1,Everyday Checking,Deposit,SGD,2018-12-16T12:00:00Z,20181216,Dormant,0.0
395,ACCT000395,202,9,Home Mortgage,Lending,INR,2022-03-11T12:00:00Z,20220311,Active,0.0
396,ACCT000396,203,5,Contoso Platinum Credit,Credit Card,AED,2020-12-25T12:00:00Z,20201225,Active,10000
397,ACCT000397,203,2,Premier Savings,Deposit,EUR,2022-09-28T12:00:00Z,20220928,Active,0.0
398,ACCT000398,204,5,Contoso Platinum Credit,Credit Card,USD,2024-09-14T12:00:00Z,20240914,Active,5000
399,ACCT000399,204,4,Contoso Cashback Credit,Credit Card,AED,2019-08-29T12:00:00Z,20190829,Active,10000
400,ACCT000400,205,1,Everyday Checking,Deposit,EUR,2019-01-14T12:00:00Z,20190114,Active,0.0
401,ACCT000401,206,7,Business Line of Credit,Lending,USD,2021-11-06T12:00:00Z,20211106,Active,0.0
402,ACCT000402,207,10,Wealth Brokerage,Investment,USD,2022-07-16T12:00:00Z,20220716,Active,0.0
403,ACCT000403,207,4,Contoso Cashback Credit,Credit Card,AED,2018-09-09T12:00:00Z,20180909,Active,15000
404,ACCT000404,208,5,Contoso Platinum Credit,Credit Card,EUR,2019-01-05T12:00:00Z,20190105,Active,5000
405,ACCT000405,208,3,Student Checking,Deposit,AED,2025-04-17T12:00:00Z,20250417,Active,0.0
406,ACCT000406,209,9,Home Mortgage,Lending,EUR,2024-05-02T12:00:00Z,20240502,Dormant,0.0
407,ACCT000407,210,4,Contoso Cashback Credit,Credit Card,GBP,2023-11-19T12:00:00Z,20231119,Active,10000
408,ACCT000408,210,6,Business Operating Account,Deposit,INR,2022-09-02T12:00:00Z,20220902,Active,0.0
409,ACCT000409,211,2,Premier Savings,Deposit,AED,2021-02-09T12:00:00Z,20210209,Active,0.0
410,ACCT000410,212,10,Wealth Brokerage,Investment,INR,2021-02-02T12:00:00Z,20210202,Active,0.0
411,ACCT000411,212,2,Premier Savings,Deposit,GBP,2025-01-16T12:00:00Z,20250116,Active,0.0
412,ACCT000412,213,7,Business Line of Credit,Lending,USD,2024-09-11T12:00:00Z,20240911,Active,0.0
413,ACCT000413,213,1,Everyday Checking,Deposit,INR,2022-07-18T12:00:00Z,20220718,Active,0.0
414,ACCT000414,214,8,Auto Loan,Lending,USD,2018-05-12T12:00:00Z,20180512,Active,0.0
415,ACCT000415,214,3,Student Checking,Deposit,USD,2020-12-01T12:00:00Z,20201201,Active,0.0
416,ACCT000416,214,6,Business Operating Account,Deposit,USD,2022-11-15T12:00:00Z,20221115,Active,0.0
417,ACCT000417,215,4,Contoso Cashback Credit,Credit Card,SGD,2019-12-04T12:00:00Z,20191204,Active,15000
418,ACCT000418,215,3,Student Checking,Deposit,GBP,2025-05-26T12:00:00Z,20250526,Active,0.0
419,ACCT000419,216,7,Business Line of Credit,Lending,USD,2021-01-12T12:00:00Z,20210112,Active,0.0
420,ACCT000420,216,10,Wealth Brokerage,Investment,EUR,2020-05-26T12:00:00Z,20200526,Active,0.0
421,ACCT000421,217,6,Business Operating Account,Deposit,AED,2018-10-19T12:00:00Z,20181019,Active,0.0
422,ACCT000422,217,9,Home Mortgage,Lending,EUR,2023-08-06T12:00:00Z,20230806,Active,0.0
423,ACCT000423,217,4,Contoso Cashback Credit,Credit Card,INR,2022-11-20T12:00:00Z,20221120,Active,15000
424,ACCT000424,217,1,Everyday Checking,Deposit,USD,2019-10-14T12:00:00Z,20191014,Active,0.0
425,ACCT000425,218,5,Contoso Platinum Credit,Credit Card,GBP,2020-07-20T12:00:00Z,20200720,Active,10000
426,ACCT000426,218,10,Wealth Brokerage,Investment,EUR,2018-09-07T12:00:00Z,20180907,Frozen,0.0
427,ACCT000427,218,8,Auto Loan,Lending,USD,2020-11-21T12:00:00Z,20201121,Active,0.0
428,ACCT000428,219,7,Business Line of Credit,Lending,AED,2026-03-04T12:00:00Z,20260304,Active,0.0
429,ACCT000429,220,4,Contoso Cashback Credit,Credit Card,GBP,2022-04-11T12:00:00Z,20220411,Active,2000
430,ACCT000430,220,1,Everyday Checking,Deposit,INR,2019-03-17T12:00:00Z,20190317,Active,0.0
431,ACCT000431,220,3,Student Checking,Deposit,USD,2019-05-26T12:00:00Z,20190526,Active,0.0
432,ACCT000432,220,9,Home Mortgage,Lending,SGD,2018-12-18T12:00:00Z,20181218,Active,0.0
