SnapshotKey,BranchKey,DateKey,SnapshotDate,TransactionVolume,TransactionValueUsd,NewAccountsOpened,FraudCasesCaught,CustomerSatScore
1,1,20260620,2026-06-20,125,45420.93,1,3,4.2
2,2,20260620,2026-06-20,170,53475.28,5,3,4.6
3,3,20260620,2026-06-20,118,40498.17,5,2,4.2
4,4,20260620,2026-06-20,139,27416.55,2,2,3.7
5,5,20260620,2026-06-20,164,64884.7,6,3,4.5
6,6,20260620,2026-06-20,136,49215.95,5,1,4.8
7,7,20260620,2026-06-20,161,59322.69,2,2,4.6
8,8,20260620,2026-06-20,109,36637.75,4,0,4.3
9,9,20260620,2026-06-20,148,49203.12,2,1,4.3
10,10,20260620,2026-06-20,135,62021.78,3,1,4.1
11,11,20260620,2026-06-20,99,31960.21,4,0,3.7
12,12,20260620,2026-06-20,113,40068.23,2,3,4.3
13,13,20260620,2026-06-20,105,46712.94,3,2,4.5
14,14,20260620,2026-06-20,111,28848.6,4,1,3.6
15,15,20260620,2026-06-20,37,14486.63,0,3,3.6
16,16,20260620,2026-06-20,51,20842.95,1,3,4.8
17,17,20260620,2026-06-20,69,19183.94,0,3,4.8
18,18,20260620,2026-06-20,69,22232.95,1,1,4.1
19,1,20260619,2026-06-19,251,84127.97,4,2,4.9
20,2,20260619,2026-06-19,175,56009.06,1,2,4.5
21,3,20260619,2026-06-19,160,41584.08,5,1,4.7
22,4,20260619,2026-06-19,167,60693.71,5,2,4.7
23,5,20260619,2026-06-19,225,91767.55,3,2,3.6
24,6,20260619,2026-06-19,237,94131.0,1,3,4.8
25,7,20260619,2026-06-19,188,53209.35,5,0,4.6
26,8,20260619,2026-06-19,215,74138.2,4,1,4.0
27,9,20260619,2026-06-19,200,83440.23,4,3,4.6
28,10,20260619,2026-06-19,186,58847.73,4,0,4.6
29,11,20260619,2026-06-19,175,61608.27,5,2,4.3
30,12,20260619,2026-06-19,285,136431.61,1,2,3.7
31,13,20260619,2026-06-19,218,84064.38,3,1,4.9
32,14,20260619,2026-06-19,163,61153.08,3,2,3.7
33,15,20260619,2026-06-19,105,49030.97,1,3,4.8
34,16,20260619,2026-06-19,105,22465.86,0,2,4.1
35,17,20260619,2026-06-19,98,28950.82,0,1,4.5
36,18,20260619,2026-06-19,112,25089.84,1,3,4.7
37,1,20260618,2026-06-18,155,68038.91,5,1,4.3
38,2,20260618,2026-06-18,211,99028.94,5,3,4.9
39,3,20260618,2026-06-18,154,34741.41,4,0,4.7
40,4,20260618,2026-06-18,268,102749.05,1,1,4.7
41,5,20260618,2026-06-18,185,28744.43,2,2,3.7
42,6,20260618,2026-06-18,193,34416.82,6,2,4.1
43,7,20260618,2026-06-18,281,66678.56,1,0,4.2
44,8,20260618,2026-06-18,164,31254.94,4,2,4.5
45,9,20260618,2026-06-18,251,69767.12,6,3,3.9
46,10,20260618,2026-06-18,282,129325.1,3,1,4.2
47,11,20260618,2026-06-18,192,82342.73,2,2,3.9
48,12,20260618,2026-06-18,242,35273.16,1,2,4.8
49,13,20260618,2026-06-18,242,47439.84,1,1,4.6
50,14,20260618,2026-06-18,270,124624.63,0,0,4.7
51,15,20260618,2026-06-18,102,41068.86,0,3,4.5
52,16,20260618,2026-06-18,111,18013.72,0,1,3.9
53,17,20260618,2026-06-18,110,38386.84,1,0,4.1
54,18,20260618,2026-06-18,66,27471.76,1,3,4.8
55,1,20260617,2026-06-17,176,34226.14,5,1,4.7
56,2,20260617,2026-06-17,184,71357.73,1,1,3.9
57,3,20260617,2026-06-17,226,97460.45,0,2,4.2
58,4,20260617,2026-06-17,211,62207.76,3,0,3.6
59,5,20260617,2026-06-17,271,62367.27,6,2,4.2
60,6,20260617,2026-06-17,276,122032.91,3,2,3.8
61,7,20260617,2026-06-17,164,24562.11,4,1,4.8
62,8,20260617,2026-06-17,180,72176.78,4,1,4.7
63,9,20260617,2026-06-17,209,37791.65,4,3,4.2
64,10,20260617,2026-06-17,240,58074.11,0,1,4.1
65,11,20260617,2026-06-17,213,97289.56,2,2,4.2
66,12,20260617,2026-06-17,283,58423.64,2,1,4.5
67,13,20260617,2026-06-17,199,32921.93,6,3,4.1
68,14,20260617,2026-06-17,249,102798.27,1,1,4.4
69,15,20260617,2026-06-17,105,17733.33,1,1,4.5
70,16,20260617,2026-06-17,92,38174.95,0,1,4.4
71,17,20260617,2026-06-17,115,24064.48,1,0,3.9
72,18,20260617,2026-06-17,70,17257.91,1,3,4.6
73,1,20260616,2026-06-16,163,69035.42,2,3,4.0
74,2,20260616,2026-06-16,254,98709.62,0,1,4.6
75,3,20260616,2026-06-16,164,50255.94,0,2,4.8
76,4,20260616,2026-06-16,212,66929.45,0,1,4.2
77,5,20260616,2026-06-16,233,75986.78,4,1,3.9
78,6,20260616,2026-06-16,247,53822.91,2,2,4.1
79,7,20260616,2026-06-16,223,96298.5,4,0,4.6
80,8,20260616,2026-06-16,157,65656.68,6,0,4.7
81,9,20260616,2026-06-16,208,43347.44,2,0,4.7
82,10,20260616,2026-06-16,274,54514.11,0,3,4.3
83,11,20260616,2026-06-16,201,88972.07,0,0,4.7
84,12,20260616,2026-06-16,222,79900.63,5,2,4.0
85,13,20260616,2026-06-16,219,35702.5,4,0,3.8
86,14,20260616,2026-06-16,196,89509.42,5,1,4.5
87,15,20260616,2026-06-16,95,14211.88,1,3,3.9
88,16,20260616,2026-06-16,104,37122.85,1,3,4.7
89,17,20260616,2026-06-16,75,34514.22,1,0,4.3
90,18,20260616,2026-06-16,95,23851.47,0,0,4.8
91,1,20260615,2026-06-15,236,94303.7,4,1,4.8
92,2,20260615,2026-06-15,281,73573.78,3,0,4.2
93,3,20260615,2026-06-15,269,92591.12,6,1,4.6
94,4,20260615,2026-06-15,170,72507.58,1,1,3.8
95,5,20260615,2026-06-15,164,30563.41,1,3,3.6
96,6,20260615,2026-06-15,281,124713.99,3,2,4.7
97,7,20260615,2026-06-15,229,67271.56,4,3,4.7
98,8,20260615,2026-06-15,249,63172.12,1,2,4.3
99,9,20260615,2026-06-15,239,83731.28,0,1,4.1
100,10,20260615,2026-06-15,276,83020.43,1,0,3.9
101,11,20260615,2026-06-15,280,117506.77,0,0,4.6
102,12,20260615,2026-06-15,261,83428.97,4,3,3.8
103,13,20260615,2026-06-15,244,87724.71,1,2,3.8
104,14,20260615,2026-06-15,255,114694.86,4,2,4.6
105,15,20260615,2026-06-15,84,40226.37,0,1,3.6
106,16,20260615,2026-06-15,108,13548.16,1,1,4.6
107,17,20260615,2026-06-15,87,32015.16,0,2,4.0
108,18,20260615,2026-06-15,67,15793.58,0,0,3.7
109,1,20260614,2026-06-14,145,35106.76,1,3,4.8
110,2,20260614,2026-06-14,160,62741.47,3,0,3.8
111,3,20260614,2026-06-14,128,25484.18,5,0,3.8
112,4,20260614,2026-06-14,130,28817.5,3,1,4.7
113,5,20260614,2026-06-14,115,51797.77,2,0,4.6
114,6,20260614,2026-06-14,155,72507.3,6,0,4.7
115,7,20260614,2026-06-14,137,60005.78,3,3,3.7
116,8,20260614,2026-06-14,171,27882.96,5,3,4.0
117,9,20260614,2026-06-14,93,43352.41,1,1,4.6
118,10,20260614,2026-06-14,109,37319.47,4,0,4.2
119,11,20260614,2026-06-14,123,57758.21,3,3,4.4
120,12,20260614,2026-06-14,140,26173.57,3,1,4.2
121,13,20260614,2026-06-14,160,31333.67,3,2,3.9
122,14,20260614,2026-06-14,117,23504.77,0,3,4.2
123,15,20260614,2026-06-14,67,8847.43,0,3,4.5
124,16,20260614,2026-06-14,40,11489.01,0,0,4.9
125,17,20260614,2026-06-14,58,20058.91,0,3,3.9
126,18,20260614,2026-06-14,38,9093.08,1,2,4.3
127,1,20260613,2026-06-13,96,32609.07,1,3,4.4
128,2,20260613,2026-06-13,142,43047.67,0,2,4.3
129,3,20260613,2026-06-13,97,44508.79,5,0,4.4
130,4,20260613,2026-06-13,140,46301.99,4,2,4.5
131,5,20260613,2026-06-13,113,41036.15,4,0,4.8
132,6,20260613,2026-06-13,132,48143.6,0,2,4.3
133,7,20260613,2026-06-13,159,49148.41,2,3,3.8
134,8,20260613,2026-06-13,152,26376.9,5,2,4.3
135,9,20260613,2026-06-13,170,33502.77,5,3,4.4
136,10,20260613,2026-06-13,126,19231.47,6,1,4.5
137,11,20260613,2026-06-13,138,19988.22,1,2,4.5
138,12,20260613,2026-06-13,158,26419.91,5,3,4.7
139,13,20260613,2026-06-13,163,48921.03,0,2,4.7
140,14,20260613,2026-06-13,132,60130.44,2,3,4.5
141,15,20260613,2026-06-13,62,22396.81,0,1,4.6
142,16,20260613,2026-06-13,52,6710.02,1,2,3.9
143,17,20260613,2026-06-13,67,20567.12,1,3,4.0
144,18,20260613,2026-06-13,58,12773.11,1,1,4.5
145,1,20260612,2026-06-12,213,34104.21,0,1,4.7
146,2,20260612,2026-06-12,220,80947.94,5,1,4.8
147,3,20260612,2026-06-12,162,27242.59,4,2,3.9
148,4,20260612,2026-06-12,234,42104.69,2,2,3.6
149,5,20260612,2026-06-12,246,83820.37,4,2,3.7
150,6,20260612,2026-06-12,163,76088.88,0,2,4.5
151,7,20260612,2026-06-12,267,111864.85,6,3,4.0
152,8,20260612,2026-06-12,282,37546.65,3,2,3.8
153,9,20260612,2026-06-12,208,78251.14,5,2,4.2
154,10,20260612,2026-06-12,229,65205.75,4,1,4.7
155,11,20260612,2026-06-12,174,40153.77,3,0,4.5
156,12,20260612,2026-06-12,218,78300.47,1,1,4.6
157,13,20260612,2026-06-12,245,51459.78,4,2,4.5
158,14,20260612,2026-06-12,158,44664.7,3,1,3.9
159,15,20260612,2026-06-12,109,16697.77,0,3,3.7
160,16,20260612,2026-06-12,93,36681.54,1,2,4.0
161,17,20260612,2026-06-12,72,31478.64,1,3,3.8
162,18,20260612,2026-06-12,97,28340.08,0,1,4.5
163,1,20260611,2026-06-11,198,58179.3,0,0,4.0
164,2,20260611,2026-06-11,239,33426.07,2,2,4.7
165,3,20260611,2026-06-11,156,50794.78,6,3,3.6
166,4,20260611,2026-06-11,172,24697.44,5,1,4.5
167,5,20260611,2026-06-11,202,42210.89,6,1,4.2
168,6,20260611,2026-06-11,285,86831.82,3,1,4.6
169,7,20260611,2026-06-11,156,21897.04,3,0,4.6
170,8,20260611,2026-06-11,280,34657.23,0,1,3.8
171,9,20260611,2026-06-11,184,71592.87,4,1,4.5
172,10,20260611,2026-06-11,162,38601.74,2,2,4.4
173,11,20260611,2026-06-11,224,97277.74,1,2,4.5
174,12,20260611,2026-06-11,158,20370.12,0,1,4.5
175,13,20260611,2026-06-11,159,75238.93,4,0,3.6
176,14,20260611,2026-06-11,278,102696.03,3,1,4.7
177,15,20260611,2026-06-11,105,41010.51,0,2,4.7
178,16,20260611,2026-06-11,95,28747.01,0,1,4.0
179,17,20260611,2026-06-11,95,36027.36,1,3,4.0
180,18,20260611,2026-06-11,90,27540.93,1,2,4.6
181,1,20260610,2026-06-10,168,68226.41,2,1,3.6
182,2,20260610,2026-06-10,236,85525.39,1,1,3.6
183,3,20260610,2026-06-10,276,98055.36,6,1,4.2
184,4,20260610,2026-06-10,282,131161.77,5,1,4.1
185,5,20260610,2026-06-10,280,48581.62,0,1,4.4
186,6,20260610,2026-06-10,277,71679.62,1,1,3.7
187,7,20260610,2026-06-10,199,82519.42,0,1,4.2
188,8,20260610,2026-06-10,199,47143.28,4,1,4.1
189,9,20260610,2026-06-10,206,29299.75,0,0,4.0
190,10,20260610,2026-06-10,240,108009.63,4,3,4.0
191,11,20260610,2026-06-10,162,42620.06,5,3,4.4
192,12,20260610,2026-06-10,217,72719.18,2,1,4.0
193,13,20260610,2026-06-10,172,80328.07,1,2,4.3
194,14,20260610,2026-06-10,239,101347.24,3,1,3.8
195,15,20260610,2026-06-10,106,48920.56,0,3,3.8
196,16,20260610,2026-06-10,80,10955.35,1,1,4.1
197,17,20260610,2026-06-10,76,23001.65,0,0,3.7
198,18,20260610,2026-06-10,96,26837.31,1,2,4.3
199,1,20260609,2026-06-09,185,25664.77,0,2,3.7
200,2,20260609,2026-06-09,226,34760.04,0,2,4.5
201,3,20260609,2026-06-09,246,44258.92,6,1,4.2
202,4,20260609,2026-06-09,250,89906.19,2,1,4.2
203,5,20260609,2026-06-09,264,58380.73,4,3,4.3
204,6,20260609,2026-06-09,247,98416.79,6,1,4.7
205,7,20260609,2026-06-09,194,82520.71,4,2,4.1
206,8,20260609,2026-06-09,185,69704.68,2,0,4.9
207,9,20260609,2026-06-09,230,83938.92,2,2,4.7
208,10,20260609,2026-06-09,209,65635.15,4,0,4.2
209,11,20260609,2026-06-09,155,34993.92,6,2,4.2
210,12,20260609,2026-06-09,247,108986.64,6,3,4.5
211,13,20260609,2026-06-09,170,57395.86,2,1,4.0
212,14,20260609,2026-06-09,157,72241.59,0,2,4.3
213,15,20260609,2026-06-09,68,10546.8,1,0,4.2
214,16,20260609,2026-06-09,88,22666.87,0,3,4.0
215,17,20260609,2026-06-09,102,22990.75,0,1,4.3
216,18,20260609,2026-06-09,77,36684.86,1,1,4.3
217,1,20260608,2026-06-08,234,55730.17,1,1,4.5
218,2,20260608,2026-06-08,204,75249.22,5,2,3.7
219,3,20260608,2026-06-08,223,85756.62,2,3,4.2
220,4,20260608,2026-06-08,210,56555.44,6,3,4.5
221,5,20260608,2026-06-08,207,92390.95,1,3,4.6
222,6,20260608,2026-06-08,227,42369.92,2,1,4.3
223,7,20260608,2026-06-08,227,91480.6,2,1,4.6
224,8,20260608,2026-06-08,253,113145.84,5,2,4.1
225,9,20260608,2026-06-08,215,77346.52,3,0,4.7
226,10,20260608,2026-06-08,273,119289.23,6,3,3.6
227,11,20260608,2026-06-08,160,19388.13,6,1,4.9
228,12,20260608,2026-06-08,229,93494.8,1,0,4.8
229,13,20260608,2026-06-08,198,90535.28,1,3,3.7
230,14,20260608,2026-06-08,226,92745.95,2,1,4.8
231,15,20260608,2026-06-08,99,43750.71,0,3,4.1
232,16,20260608,2026-06-08,90,16543.74,0,3,4.4
233,17,20260608,2026-06-08,103,25956.19,0,3,3.6
234,18,20260608,2026-06-08,73,28816.15,0,3,4.5
235,1,20260607,2026-06-07,98,46772.24,0,3,3.9
236,2,20260607,2026-06-07,129,39993.31,5,1,4.6
237,3,20260607,2026-06-07,103,32662.42,2,0,4.5
238,4,20260607,2026-06-07,168,67979.83,3,1,4.8
239,5,20260607,2026-06-07,113,37204.79,6,3,3.7
240,6,20260607,2026-06-07,141,39710.88,2,0,4.5
241,7,20260607,2026-06-07,127,27276.78,0,1,3.8
242,8,20260607,2026-06-07,129,22929.25,1,1,3.9
243,9,20260607,2026-06-07,129,54508.96,2,2,4.9
244,10,20260607,2026-06-07,167,59334.75,2,1,4.0
245,11,20260607,2026-06-07,118,41050.43,3,0,4.0
246,12,20260607,2026-06-07,124,34280.8,0,2,4.7
247,13,20260607,2026-06-07,124,52212.48,2,3,4.5
248,14,20260607,2026-06-07,168,71690.88,1,3,3.8
249,15,20260607,2026-06-07,70,22930.99,1,1,4.9
250,16,20260607,2026-06-07,65,23798.9,1,3,4.0
251,17,20260607,2026-06-07,57,20069.41,0,0,4.9
252,18,20260607,2026-06-07,47,13107.26,0,0,3.8
253,1,20260606,2026-06-06,114,14688.89,6,2,4.8
254,2,20260606,2026-06-06,145,51243.17,5,0,4.1
255,3,20260606,2026-06-06,137,51490.42,2,0,4.9
256,4,20260606,2026-06-06,150,30790.32,3,3,4.5
257,5,20260606,2026-06-06,122,41129.81,2,0,4.2
258,6,20260606,2026-06-06,169,24521.88,3,3,3.8
259,7,20260606,2026-06-06,171,44497.26,3,3,4.6
260,8,20260606,2026-06-06,168,59158.36,5,3,4.1
261,9,20260606,2026-06-06,149,19381.73,3,1,4.4
262,10,20260606,2026-06-06,98,12693.5,1,3,4.0
263,11,20260606,2026-06-06,96,28140.27,2,1,4.6
264,12,20260606,2026-06-06,134,22696.36,3,0,4.3
265,13,20260606,2026-06-06,147,61878.52,1,1,4.2
266,14,20260606,2026-06-06,153,46858.98,4,0,4.5
267,15,20260606,2026-06-06,52,6586.72,0,0,4.8
268,16,20260606,2026-06-06,66,14081.44,0,2,4.9
269,17,20260606,2026-06-06,39,17106.04,1,2,4.4
270,18,20260606,2026-06-06,56,6920.81,1,0,4.0
271,1,20260605,2026-06-05,246,44128.75,3,3,3.9
272,2,20260605,2026-06-05,190,90612.63,5,2,3.7
273,3,20260605,2026-06-05,207,54796.3,6,3,4.2
274,4,20260605,2026-06-05,200,53753.03,4,0,3.7
275,5,20260605,2026-06-05,204,57300.34,3,2,3.9
276,6,20260605,2026-06-05,284,93890.52,6,2,3.7
277,7,20260605,2026-06-05,194,45420.29,6,3,4.1
278,8,20260605,2026-06-05,161,65408.38,1,0,4.8
279,9,20260605,2026-06-05,251,113262.81,3,3,3.8
280,10,20260605,2026-06-05,251,99516.44,0,3,4.6
281,11,20260605,2026-06-05,230,62407.87,5,0,4.8
282,12,20260605,2026-06-05,188,86623.8,0,2,3.7
283,13,20260605,2026-06-05,186,34627.37,0,2,3.9
284,14,20260605,2026-06-05,254,85697.09,3,3,4.0
285,15,20260605,2026-06-05,65,23214.06,1,3,4.7
286,16,20260605,2026-06-05,73,16926.66,0,0,4.0
287,17,20260605,2026-06-05,67,10094.11,1,1,4.1
288,18,20260605,2026-06-05,75,12637.49,1,1,4.0
289,1,20260604,2026-06-04,271,130018.28,1,3,3.6
290,2,20260604,2026-06-04,223,32976.04,5,0,4.4
291,3,20260604,2026-06-04,240,40316.24,6,1,3.9
292,4,20260604,2026-06-04,188,85486.14,4,1,4.2
293,5,20260604,2026-06-04,214,62252.25,0,2,4.5
294,6,20260604,2026-06-04,265,90617.32,2,3,3.7
295,7,20260604,2026-06-04,276,98385.11,3,2,4.6
296,8,20260604,2026-06-04,268,111498.72,4,2,3.6
297,9,20260604,2026-06-04,284,107899.55,0,1,4.5
298,10,20260604,2026-06-04,262,93642.6,0,3,4.8
299,11,20260604,2026-06-04,245,82632.69,5,3,4.8
300,12,20260604,2026-06-04,176,54570.76,6,3,4.7
301,13,20260604,2026-06-04,168,66634.36,6,3,4.3
302,14,20260604,2026-06-04,250,113470.55,2,0,4.8
303,15,20260604,2026-06-04,107,50884.6,0,2,3.8
304,16,20260604,2026-06-04,72,22760.55,0,3,4.1
305,17,20260604,2026-06-04,84,29413.78,1,1,4.8
306,18,20260604,2026-06-04,115,20724.24,0,3,3.6
307,1,20260603,2026-06-03,190,54082.92,4,2,4.0
308,2,20260603,2026-06-03,230,106647.55,4,3,4.7
309,3,20260603,2026-06-03,266,86113.79,6,2,4.3
310,4,20260603,2026-06-03,278,97209.9,0,0,3.9
311,5,20260603,2026-06-03,173,60519.98,5,3,3.9
312,6,20260603,2026-06-03,218,63968.97,4,1,4.3
313,7,20260603,2026-06-03,216,91810.07,6,1,4.6
314,8,20260603,2026-06-03,184,32355.48,0,0,4.1
315,9,20260603,2026-06-03,233,37541.95,0,0,4.0
316,10,20260603,2026-06-03,281,103983.45,5,0,3.8
317,11,20260603,2026-06-03,203,67337.9,0,0,4.0
318,12,20260603,2026-06-03,219,59733.96,5,0,4.2
319,13,20260603,2026-06-03,264,56749.47,2,3,4.6
320,14,20260603,2026-06-03,217,36979.06,1,1,4.4
321,15,20260603,2026-06-03,74,13155.32,1,2,4.3
322,16,20260603,2026-06-03,114,42264.93,1,0,4.4
323,17,20260603,2026-06-03,99,35981.2,1,0,4.2
324,18,20260603,2026-06-03,116,35760.99,0,1,4.1
325,1,20260602,2026-06-02,275,94871.85,6,1,3.6
326,2,20260602,2026-06-02,167,69887.13,4,3,4.9
327,3,20260602,2026-06-02,161,75917.57,0,2,4.2
328,4,20260602,2026-06-02,173,74611.42,1,2,4.4
329,5,20260602,2026-06-02,158,20746.44,5,3,4.8
330,6,20260602,2026-06-02,188,30478.75,3,2,4.8
331,7,20260602,2026-06-02,184,72884.34,5,3,4.6
332,8,20260602,2026-06-02,167,38287.14,1,0,3.9
333,9,20260602,2026-06-02,157,61957.58,0,0,4.4
334,10,20260602,2026-06-02,265,105815.13,4,3,4.8
335,11,20260602,2026-06-02,219,85475.29,0,3,4.6
336,12,20260602,2026-06-02,190,51486.94,4,1,4.1
337,13,20260602,2026-06-02,253,65065.56,6,0,4.6
338,14,20260602,2026-06-02,188,23508.94,5,0,4.3
339,15,20260602,2026-06-02,112,52528.68,1,0,3.9
340,16,20260602,2026-06-02,70,15834.33,0,0,4.2
341,17,20260602,2026-06-02,74,33369.1,0,3,4.4
342,18,20260602,2026-06-02,68,8692.59,1,1,3.9
343,1,20260601,2026-06-01,163,51508.15,4,1,4.3
344,2,20260601,2026-06-01,257,79282.72,4,2,4.4
345,3,20260601,2026-06-01,257,71428.52,5,3,4.7
346,4,20260601,2026-06-01,273,33692.02,1,0,4.2
347,5,20260601,2026-06-01,176,35182.3,3,2,4.6
348,6,20260601,2026-06-01,193,92566.59,5,2,4.6
349,7,20260601,2026-06-01,219,91453.91,2,0,4.5
350,8,20260601,2026-06-01,156,59144.29,4,3,4.4
351,9,20260601,2026-06-01,199,55252.26,0,0,4.0
352,10,20260601,2026-06-01,254,118327.24,1,0,4.6
353,11,20260601,2026-06-01,197,44335.47,0,1,4.0
354,12,20260601,2026-06-01,221,42300.73,0,0,4.7
355,13,20260601,2026-06-01,200,66056.52,2,1,4.9
356,14,20260601,2026-06-01,212,88979.71,1,0,4.9
357,15,20260601,2026-06-01,112,48672.34,0,1,3.7
358,16,20260601,2026-06-01,72,31218.65,0,1,3.8
359,17,20260601,2026-06-01,67,24217.5,0,2,4.0
360,18,20260601,2026-06-01,84,36195.28,0,1,4.0
361,1,20260531,2026-05-31,162,62469.21,3,0,4.4
362,2,20260531,2026-05-31,164,22988.46,4,0,3.6
363,3,20260531,2026-05-31,137,31428.06,3,0,4.4
364,4,20260531,2026-05-31,126,33378.64,5,0,3.8
365,5,20260531,2026-05-31,130,27799.48,4,3,4.8
366,6,20260531,2026-05-31,167,21203.0,4,0,4.3
367,7,20260531,2026-05-31,120,22236.04,2,1,3.9
368,8,20260531,2026-05-31,107,47374.2,5,3,4.3
369,9,20260531,2026-05-31,131,26211.09,0,3,4.1
370,10,20260531,2026-05-31,119,47494.99,2,0,4.8
371,11,20260531,2026-05-31,121,53333.36,0,0,4.7
372,12,20260531,2026-05-31,126,35730.03,2,0,4.3
373,13,20260531,2026-05-31,160,42920.67,3,0,3.9
374,14,20260531,2026-05-31,126,59224.68,2,0,3.8
375,15,20260531,2026-05-31,68,25844.4,0,3,4.2
376,16,20260531,2026-05-31,59,19688.18,0,0,4.6
377,17,20260531,2026-05-31,57,23154.49,1,3,4.6
378,18,20260531,2026-05-31,45,11216.29,0,3,4.4
379,1,20260530,2026-05-30,109,38897.41,2,0,3.7
380,2,20260530,2026-05-30,136,41043.62,6,2,4.4
381,3,20260530,2026-05-30,141,46608.41,2,0,3.9
382,4,20260530,2026-05-30,115,13848.82,5,0,4.8
383,5,20260530,2026-05-30,147,38573.48,1,3,4.6
384,6,20260530,2026-05-30,170,81035.09,1,0,4.1
385,7,20260530,2026-05-30,130,31887.5,4,0,4.3
386,8,20260530,2026-05-30,130,43379.55,5,0,4.0
387,9,20260530,2026-05-30,161,55063.95,3,3,3.9
388,10,20260530,2026-05-30,142,61486.92,3,3,4.0
389,11,20260530,2026-05-30,133,47753.67,1,0,4.4
390,12,20260530,2026-05-30,143,40752.52,4,1,3.8
391,13,20260530,2026-05-30,163,71990.73,0,2,4.2
392,14,20260530,2026-05-30,147,19231.62,0,1,4.0
393,15,20260530,2026-05-30,62,23099.45,0,3,4.1
394,16,20260530,2026-05-30,37,9737.74,1,3,4.6
395,17,20260530,2026-05-30,60,19349.91,1,1,4.5
396,18,20260530,2026-05-30,43,6837.17,0,0,3.9
397,1,20260529,2026-05-29,228,109355.65,0,3,4.2
398,2,20260529,2026-05-29,274,106939.34,2,2,4.5
399,3,20260529,2026-05-29,216,52149.93,6,1,4.0
400,4,20260529,2026-05-29,269,87758.98,5,3,4.7
401,5,20260529,2026-05-29,229,30881.94,2,1,4.4
402,6,20260529,2026-05-29,274,127845.93,3,1,3.6
403,7,20260529,2026-05-29,205,94151.47,4,0,4.5
404,8,20260529,2026-05-29,215,29138.91,4,2,3.9
405,9,20260529,2026-05-29,260,117998.29,6,0,4.6
406,10,20260529,2026-05-29,230,41486.81,4,1,4.4
407,11,20260529,2026-05-29,242,78106.59,5,3,4.8
408,12,20260529,2026-05-29,197,78541.34,4,3,4.4
409,13,20260529,2026-05-29,211,49614.07,6,1,4.4
410,14,20260529,2026-05-29,248,88640.24,1,3,4.4
411,15,20260529,2026-05-29,80,15654.93,1,0,3.6
412,16,20260529,2026-05-29,101,15887.99,1,0,3.7
413,17,20260529,2026-05-29,112,34083.12,1,3,3.8
414,18,20260529,2026-05-29,73,22680.0,1,3,4.7
415,1,20260528,2026-05-28,241,93923.18,2,1,4.1
416,2,20260528,2026-05-28,219,51864.65,4,3,4.6
417,3,20260528,2026-05-28,272,86934.3,4,2,4.9
418,4,20260528,2026-05-28,227,57072.84,6,2,4.8
419,5,20260528,2026-05-28,226,60732.8,3,0,4.7
420,6,20260528,2026-05-28,223,54893.81,2,2,3.8
421,7,20260528,2026-05-28,224,75409.5,4,2,4.3
422,8,20260528,2026-05-28,248,57062.16,2,3,4.0
423,9,20260528,2026-05-28,159,69824.47,5,3,3.7
424,10,20260528,2026-05-28,240,86651.95,1,2,4.8
425,11,20260528,2026-05-28,236,75028.57,2,2,4.2
426,12,20260528,2026-05-28,169,57478.91,2,1,4.2
427,13,20260528,2026-05-28,222,88833.46,4,0,3.9
428,14,20260528,2026-05-28,224,59131.75,6,1,4.0
429,15,20260528,2026-05-28,112,39768.42,0,3,3.8
430,16,20260528,2026-05-28,73,26081.54,0,1,4.8
431,17,20260528,2026-05-28,99,13972.29,0,1,4.8
432,18,20260528,2026-05-28,109,31294.65,1,0,3.9
433,1,20260527,2026-05-27,160,75173.13,6,3,4.0
434,2,20260527,2026-05-27,242,52803.38,4,0,4.5
435,3,20260527,2026-05-27,282,96175.17,4,0,4.2
436,4,20260527,2026-05-27,244,35023.34,0,3,4.5
437,5,20260527,2026-05-27,217,89929.63,5,0,4.6
438,6,20260527,2026-05-27,210,74960.2,3,0,4.4
439,7,20260527,2026-05-27,234,60980.4,6,0,3.8
440,8,20260527,2026-05-27,165,20373.45,1,3,4.0
441,9,20260527,2026-05-27,261,45589.36,5,3,3.9
442,10,20260527,2026-05-27,154,52457.4,6,3,4.1
443,11,20260527,2026-05-27,201,82279.86,4,3,4.5
444,12,20260527,2026-05-27,272,110449.56,6,2,4.3
445,13,20260527,2026-05-27,276,79713.44,1,1,4.0
446,14,20260527,2026-05-27,202,25308.13,0,1,4.4
447,15,20260527,2026-05-27,107,50962.41,1,3,4.6
448,16,20260527,2026-05-27,88,35217.01,1,3,3.8
449,17,20260527,2026-05-27,89,23466.36,1,3,4.3
450,18,20260527,2026-05-27,95,26151.81,0,3,3.6
451,1,20260526,2026-05-26,244,49129.45,3,2,4.4
452,2,20260526,2026-05-26,201,53972.32,1,2,4.0
453,3,20260526,2026-05-26,169,37773.24,4,1,4.0
454,4,20260526,2026-05-26,278,67898.58,2,3,4.6
455,5,20260526,2026-05-26,174,56543.43,0,0,3.9
456,6,20260526,2026-05-26,191,49505.72,0,0,3.9
457,7,20260526,2026-05-26,256,50768.13,2,1,4.0
458,8,20260526,2026-05-26,167,39369.25,4,0,4.8
459,9,20260526,2026-05-26,155,27853.25,0,2,4.6
460,10,20260526,2026-05-26,238,104773.43,4,0,4.7
461,11,20260526,2026-05-26,202,95322.91,6,3,4.0
462,12,20260526,2026-05-26,213,42424.42,2,3,3.9
463,13,20260526,2026-05-26,204,91319.47,1,3,4.7
464,14,20260526,2026-05-26,201,42026.51,5,2,4.3
465,15,20260526,2026-05-26,111,45821.25,0,0,4.6
466,16,20260526,2026-05-26,90,31675.39,0,0,4.3
467,17,20260526,2026-05-26,92,17245.69,0,2,4.2
468,18,20260526,2026-05-26,66,16751.66,0,3,4.8
469,1,20260525,2026-05-25,185,46647.1,3,0,4.5
470,2,20260525,2026-05-25,170,78722.62,0,3,4.1
471,3,20260525,2026-05-25,170,63140.01,3,3,4.3
472,4,20260525,2026-05-25,206,78312.83,3,3,4.1
473,5,20260525,2026-05-25,185,29279.08,5,0,4.6
474,6,20260525,2026-05-25,178,55388.23,6,1,3.9
475,7,20260525,2026-05-25,243,73631.8,5,0,4.5
476,8,20260525,2026-05-25,251,105754.34,4,2,4.3
477,9,20260525,2026-05-25,226,82970.18,2,3,3.8
478,10,20260525,2026-05-25,282,60371.41,3,3,4.5
479,11,20260525,2026-05-25,185,44556.48,1,0,4.3
480,12,20260525,2026-05-25,179,25155.35,0,0,4.3
481,13,20260525,2026-05-25,253,117075.49,6,3,3.8
482,14,20260525,2026-05-25,281,66413.09,0,1,4.0
483,15,20260525,2026-05-25,116,14809.97,1,2,4.7
484,16,20260525,2026-05-25,108,13924.62,1,0,3.9
485,17,20260525,2026-05-25,68,9993.86,0,1,4.4
486,18,20260525,2026-05-25,79,35467.78,1,3,4.3
487,1,20260524,2026-05-24,129,43120.96,6,1,4.9
488,2,20260524,2026-05-24,104,48045.95,4,0,4.5
489,3,20260524,2026-05-24,105,31985.65,5,1,4.8
490,4,20260524,2026-05-24,151,55080.25,0,2,4.5
491,5,20260524,2026-05-24,129,17826.39,1,1,4.3
492,6,20260524,2026-05-24,126,25454.33,5,1,4.5
493,7,20260524,2026-05-24,164,39604.43,1,2,4.4
494,8,20260524,2026-05-24,127,18842.21,1,0,4.2
495,9,20260524,2026-05-24,105,36338.85,2,0,4.7
496,10,20260524,2026-05-24,163,36555.47,2,0,3.8
497,11,20260524,2026-05-24,112,26874.74,2,1,4.1
498,12,20260524,2026-05-24,160,31523.43,2,1,4.3
499,13,20260524,2026-05-24,123,54256.18,2,2,3.9
500,14,20260524,2026-05-24,93,40684.74,5,3,4.0
501,15,20260524,2026-05-24,62,29298.86,1,1,4.2
502,16,20260524,2026-05-24,50,11262.08,1,3,4.2
503,17,20260524,2026-05-24,39,11563.26,0,3,4.1
504,18,20260524,2026-05-24,56,10754.98,0,1,3.8
505,1,20260523,2026-05-23,153,30315.63,1,2,4.8
506,2,20260523,2026-05-23,153,33648.21,6,3,4.2
507,3,20260523,2026-05-23,144,45564.22,1,0,4.5
508,4,20260523,2026-05-23,140,61817.46,2,2,4.6
509,5,20260523,2026-05-23,92,34035.64,3,2,3.9
510,6,20260523,2026-05-23,165,78164.54,2,3,3.9
511,7,20260523,2026-05-23,164,54611.87,4,3,4.1
512,8,20260523,2026-05-23,94,18573.98,5,1,4.8
513,9,20260523,2026-05-23,133,38333.96,0,1,4.6
514,10,20260523,2026-05-23,121,55156.09,1,3,4.8
515,11,20260523,2026-05-23,114,21822.46,5,1,4.2
516,12,20260523,2026-05-23,150,29825.76,5,2,3.6
517,13,20260523,2026-05-23,171,22418.04,5,1,4.7
518,14,20260523,2026-05-23,167,69292.92,4,1,4.0
519,15,20260523,2026-05-23,46,15855.32,0,1,4.1
520,16,20260523,2026-05-23,68,25387.17,1,0,4.1
521,17,20260523,2026-05-23,56,24692.41,0,1,4.0
522,18,20260523,2026-05-23,53,14503.86,1,0,4.7
523,1,20260522,2026-05-22,154,19335.15,6,3,4.1
524,2,20260522,2026-05-22,174,67846.6,0,0,3.7
525,3,20260522,2026-05-22,191,85406.41,6,2,4.2
526,4,20260522,2026-05-22,237,31230.5,0,3,4.0
527,5,20260522,2026-05-22,200,60783.7,4,0,4.3
528,6,20260522,2026-05-22,217,45385.62,5,3,3.9
529,7,20260522,2026-05-22,237,102374.43,4,3,3.8
530,8,20260522,2026-05-22,281,76015.53,6,2,3.8
531,9,20260522,2026-05-22,223,79390.91,4,3,4.0
532,10,20260522,2026-05-22,285,121488.47,3,0,4.2
533,11,20260522,2026-05-22,262,34710.4,4,3,3.9
534,12,20260522,2026-05-22,168,60546.72,5,0,3.8
535,13,20260522,2026-05-22,225,38596.08,5,1,3.8
536,14,20260522,2026-05-22,183,74969.72,0,1,4.0
537,15,20260522,2026-05-22,109,29285.81,1,0,3.8
538,16,20260522,2026-05-22,108,32731.12,0,3,4.7
539,17,20260522,2026-05-22,87,29893.89,0,2,3.7
540,18,20260522,2026-05-22,110,13715.89,0,2,4.5
541,1,20260521,2026-05-21,220,31072.42,4,1,4.3
542,2,20260521,2026-05-21,179,47038.57,4,0,4.4
543,3,20260521,2026-05-21,204,73023.75,2,0,4.5
544,4,20260521,2026-05-21,179,46056.29,6,3,4.1
545,5,20260521,2026-05-21,275,59642.87,1,0,4.2
546,6,20260521,2026-05-21,220,86408.96,0,2,3.7
547,7,20260521,2026-05-21,198,43236.76,2,3,4.6
548,8,20260521,2026-05-21,277,105711.18,6,2,3.7
549,9,20260521,2026-05-21,223,93482.41,2,0,4.0
550,10,20260521,2026-05-21,274,71329.34,0,0,4.3
551,11,20260521,2026-05-21,271,51516.1,1,2,3.7
552,12,20260521,2026-05-21,215,33359.77,6,0,4.6
553,13,20260521,2026-05-21,235,106307.37,5,2,4.3
554,14,20260521,2026-05-21,255,116503.16,2,1,4.9
555,15,20260521,2026-05-21,84,33656.32,0,3,4.4
556,16,20260521,2026-05-21,115,36734.21,1,2,4.2
557,17,20260521,2026-05-21,72,16097.13,1,2,3.8
558,18,20260521,2026-05-21,65,22166.68,1,0,4.8
559,1,20260520,2026-05-20,175,78587.98,2,1,4.1
560,2,20260520,2026-05-20,254,84220.87,4,1,4.9
561,3,20260520,2026-05-20,222,67172.69,2,1,4.7
562,4,20260520,2026-05-20,267,118800.1,1,2,4.3
563,5,20260520,2026-05-20,253,84844.11,1,3,4.6
564,6,20260520,2026-05-20,189,85495.59,2,3,4.1
565,7,20260520,2026-05-20,262,60485.88,5,1,4.6
566,8,20260520,2026-05-20,276,72687.93,2,0,3.9
567,9,20260520,2026-05-20,194,23293.78,5,2,4.2
568,10,20260520,2026-05-20,200,64440.8,3,0,3.8
569,11,20260520,2026-05-20,209,70954.88,0,1,4.3
570,12,20260520,2026-05-20,258,113005.48,0,1,3.9
571,13,20260520,2026-05-20,215,26271.3,6,1,4.2
572,14,20260520,2026-05-20,250,47478.72,2,1,4.6
573,15,20260520,2026-05-20,96,27172.89,0,0,4.5
574,16,20260520,2026-05-20,106,20695.73,1,1,4.2
575,17,20260520,2026-05-20,95,43942.54,0,3,4.2
576,18,20260520,2026-05-20,91,24912.93,1,0,4.6
577,1,20260519,2026-05-19,284,64308.03,1,0,3.8
578,2,20260519,2026-05-19,191,72703.89,0,2,4.5
579,3,20260519,2026-05-19,198,39636.94,0,0,4.6
580,4,20260519,2026-05-19,273,120557.0,0,1,4.3
581,5,20260519,2026-05-19,211,31855.27,4,0,4.3
582,6,20260519,2026-05-19,218,39401.73,5,2,4.1
583,7,20260519,2026-05-19,253,75584.52,5,1,3.7
584,8,20260519,2026-05-19,260,68923.76,6,0,4.8
585,9,20260519,2026-05-19,155,68849.2,5,0,3.9
586,10,20260519,2026-05-19,272,47728.23,6,2,4.6
587,11,20260519,2026-05-19,242,46748.18,0,1,4.5
588,12,20260519,2026-05-19,257,112076.71,1,2,4.8
589,13,20260519,2026-05-19,160,49429.5,4,3,3.7
590,14,20260519,2026-05-19,166,38197.52,1,0,3.9
591,15,20260519,2026-05-19,73,31177.3,1,3,4.8
592,16,20260519,2026-05-19,63,17300.01,0,1,4.7
593,17,20260519,2026-05-19,108,33976.03,0,0,4.3
594,18,20260519,2026-05-19,94,19209.86,1,3,4.3
595,1,20260518,2026-05-18,203,93678.95,3,3,4.9
596,2,20260518,2026-05-18,232,46556.9,0,2,4.8
597,3,20260518,2026-05-18,170,73368.2,6,2,4.6
598,4,20260518,2026-05-18,157,47954.83,0,2,4.6
599,5,20260518,2026-05-18,193,65150.12,4,1,4.6
600,6,20260518,2026-05-18,228,56038.29,0,0,3.8
601,7,20260518,2026-05-18,266,102154.46,1,3,4.0
602,8,20260518,2026-05-18,273,95636.0,0,1,4.8
603,9,20260518,2026-05-18,273,101439.92,0,0,4.8
604,10,20260518,2026-05-18,169,38102.9,0,3,4.1
605,11,20260518,2026-05-18,221,94013.62,4,3,4.3
606,12,20260518,2026-05-18,170,42798.56,0,1,3.7
607,13,20260518,2026-05-18,175,77394.63,6,3,4.4
608,14,20260518,2026-05-18,156,29447.3,2,2,4.3
609,15,20260518,2026-05-18,110,37739.86,1,2,4.3
610,16,20260518,2026-05-18,97,30342.02,0,3,4.2
611,17,20260518,2026-05-18,87,24086.83,0,2,4.0
612,18,20260518,2026-05-18,107,15763.2,1,2,4.7
613,1,20260517,2026-05-17,110,46618.99,4,0,4.2
614,2,20260517,2026-05-17,125,31949.78,4,1,3.8
615,3,20260517,2026-05-17,144,34685.63,3,0,4.7
616,4,20260517,2026-05-17,149,65119.52,0,1,4.8
617,5,20260517,2026-05-17,139,36012.65,5,0,4.6
618,6,20260517,2026-05-17,106,34459.83,1,3,3.9
619,7,20260517,2026-05-17,154,55898.66,0,2,4.5
620,8,20260517,2026-05-17,129,17561.93,6,1,3.6
621,9,20260517,2026-05-17,170,52258.28,6,0,4.2
622,10,20260517,2026-05-17,117,54737.9,3,3,4.0
623,11,20260517,2026-05-17,121,18748.63,6,1,3.8
624,12,20260517,2026-05-17,101,35433.91,4,3,3.9
625,13,20260517,2026-05-17,157,51823.72,3,3,4.6
626,14,20260517,2026-05-17,164,74047.51,2,3,4.2
627,15,20260517,2026-05-17,59,17144.96,1,2,4.6
628,16,20260517,2026-05-17,51,15597.25,0,1,3.9
629,17,20260517,2026-05-17,60,9398.46,1,3,4.1
630,18,20260517,2026-05-17,62,27226.39,0,3,3.8
631,1,20260516,2026-05-16,149,69935.65,6,0,4.2
632,2,20260516,2026-05-16,129,44257.33,4,0,4.8
633,3,20260516,2026-05-16,129,36384.75,6,3,4.2
634,4,20260516,2026-05-16,167,25761.53,5,1,4.9
635,5,20260516,2026-05-16,140,59475.26,0,0,4.6
636,6,20260516,2026-05-16,110,18153.8,3,3,4.8
637,7,20260516,2026-05-16,159,31287.13,6,3,4.2
638,8,20260516,2026-05-16,151,34749.72,5,3,3.7
639,9,20260516,2026-05-16,114,44146.56,1,0,4.8
640,10,20260516,2026-05-16,166,44781.37,5,2,4.1
641,11,20260516,2026-05-16,146,65509.49,3,1,4.1
642,12,20260516,2026-05-16,158,73530.18,3,0,4.2
643,13,20260516,2026-05-16,118,44508.57,3,2,4.6
644,14,20260516,2026-05-16,103,30774.79,3,2,3.7
645,15,20260516,2026-05-16,69,17697.87,1,2,3.9
646,16,20260516,2026-05-16,41,13188.83,0,0,4.8
647,17,20260516,2026-05-16,46,10513.88,1,0,4.9
648,18,20260516,2026-05-16,41,10104.58,1,3,4.8
649,1,20260515,2026-05-15,225,80206.67,6,2,3.8
650,2,20260515,2026-05-15,264,107128.72,5,1,3.9
651,3,20260515,2026-05-15,263,85075.48,1,3,4.8
652,4,20260515,2026-05-15,237,32389.49,4,2,4.1
653,5,20260515,2026-05-15,177,82444.97,2,0,4.1
654,6,20260515,2026-05-15,212,26030.3,4,2,3.6
655,7,20260515,2026-05-15,238,89734.76,5,2,4.6
656,8,20260515,2026-05-15,213,52081.04,3,1,3.7
657,9,20260515,2026-05-15,191,77528.8,3,2,4.7
658,10,20260515,2026-05-15,204,27193.31,1,0,4.1
659,11,20260515,2026-05-15,280,46200.68,0,1,4.5
660,12,20260515,2026-05-15,252,72122.28,2,1,4.9
661,13,20260515,2026-05-15,200,43699.09,0,2,4.7
662,14,20260515,2026-05-15,263,97836.09,5,2,4.8
663,15,20260515,2026-05-15,106,39026.54,1,0,4.4
664,16,20260515,2026-05-15,109,33126.96,1,2,4.2
665,17,20260515,2026-05-15,116,45672.64,1,3,4.6
666,18,20260515,2026-05-15,64,23399.65,1,3,4.3
667,1,20260514,2026-05-14,189,59034.34,5,2,3.8
668,2,20260514,2026-05-14,274,121873.29,2,2,3.9
669,3,20260514,2026-05-14,279,48950.31,6,2,4.0
670,4,20260514,2026-05-14,235,80631.77,0,1,3.7
671,5,20260514,2026-05-14,263,89233.75,3,2,3.8
672,6,20260514,2026-05-14,252,40302.02,1,2,4.0
673,7,20260514,2026-05-14,160,52570.76,4,2,3.7
674,8,20260514,2026-05-14,215,75106.97,2,2,4.4
675,9,20260514,2026-05-14,190,47439.73,0,1,4.6
676,10,20260514,2026-05-14,229,84702.61,5,2,4.2
677,11,20260514,2026-05-14,196,65110.4,1,2,4.9
678,12,20260514,2026-05-14,224,33318.54,4,3,4.1
679,13,20260514,2026-05-14,164,56455.63,4,2,4.5
680,14,20260514,2026-05-14,176,58886.01,0,1,4.3
681,15,20260514,2026-05-14,81,30431.48,1,3,3.9
682,16,20260514,2026-05-14,82,38474.45,1,2,4.3
683,17,20260514,2026-05-14,111,24979.94,0,0,4.6
684,18,20260514,2026-05-14,115,18883.98,1,1,4.9
685,1,20260513,2026-05-13,196,49209.86,5,1,3.7
686,2,20260513,2026-05-13,198,49053.15,4,0,3.7
687,3,20260513,2026-05-13,232,99090.88,1,3,4.3
688,4,20260513,2026-05-13,252,80051.62,6,0,4.0
689,5,20260513,2026-05-13,230,55828.56,6,3,4.4
690,6,20260513,2026-05-13,271,47187.38,2,1,4.3
691,7,20260513,2026-05-13,178,37940.67,4,1,3.7
692,8,20260513,2026-05-13,195,60622.64,4,3,4.3
693,9,20260513,2026-05-13,272,40006.27,1,2,4.9
694,10,20260513,2026-05-13,255,32168.94,1,3,4.6
695,11,20260513,2026-05-13,276,71412.33,3,1,4.0
696,12,20260513,2026-05-13,247,44890.78,4,2,4.0
697,13,20260513,2026-05-13,187,47060.21,6,1,4.0
698,14,20260513,2026-05-13,172,41780.21,6,0,4.8
699,15,20260513,2026-05-13,65,29528.6,0,3,4.0
700,16,20260513,2026-05-13,89,36086.63,0,0,4.3
701,17,20260513,2026-05-13,92,17668.64,1,3,4.2
702,18,20260513,2026-05-13,81,21232.59,0,0,4.5
703,1,20260512,2026-05-12,242,72391.82,2,3,4.2
704,2,20260512,2026-05-12,201,73124.02,2,2,4.8
705,3,20260512,2026-05-12,284,76837.09,4,1,3.6
706,4,20260512,2026-05-12,194,71897.65,4,0,4.1
707,5,20260512,2026-05-12,283,59596.95,1,2,4.8
708,6,20260512,2026-05-12,173,43429.62,1,1,3.8
709,7,20260512,2026-05-12,250,100702.8,5,0,3.9
710,8,20260512,2026-05-12,278,105243.01,1,0,4.3
711,9,20260512,2026-05-12,245,55421.13,0,2,4.7
712,10,20260512,2026-05-12,190,57784.2,4,3,4.7
713,11,20260512,2026-05-12,164,68518.99,2,2,3.7
714,12,20260512,2026-05-12,260,64751.42,5,1,4.3
715,13,20260512,2026-05-12,246,56350.37,1,0,4.2
716,14,20260512,2026-05-12,279,98155.77,6,2,3.9
717,15,20260512,2026-05-12,78,17190.65,1,1,3.8
718,16,20260512,2026-05-12,108,18657.92,1,1,4.2
719,17,20260512,2026-05-12,95,22907.94,1,1,3.9
720,18,20260512,2026-05-12,78,12875.04,1,1,4.1
721,1,20260511,2026-05-11,216,86907.81,4,3,4.5
722,2,20260511,2026-05-11,241,68085.5,1,1,4.6
723,3,20260511,2026-05-11,162,63389.74,5,1,4.8
724,4,20260511,2026-05-11,203,55984.73,3,0,4.1
725,5,20260511,2026-05-11,269,125161.47,0,1,4.6
726,6,20260511,2026-05-11,193,34110.38,4,0,3.8
727,7,20260511,2026-05-11,185,78267.13,1,3,3.9
728,8,20260511,2026-05-11,238,113440.06,5,1,4.3
729,9,20260511,2026-05-11,278,75080.68,2,1,4.2
730,10,20260511,2026-05-11,243,98649.18,1,2,3.9
731,11,20260511,2026-05-11,235,74379.72,4,0,4.0
732,12,20260511,2026-05-11,178,55932.31,4,1,4.2
733,13,20260511,2026-05-11,188,87058.51,5,2,4.1
734,14,20260511,2026-05-11,181,64313.02,5,1,3.9
735,15,20260511,2026-05-11,90,12626.41,0,0,3.7
736,16,20260511,2026-05-11,73,12795.36,0,1,4.0
737,17,20260511,2026-05-11,82,34868.32,1,0,3.8
738,18,20260511,2026-05-11,112,51057.03,1,2,3.9
739,1,20260510,2026-05-10,112,53019.43,2,2,3.9
740,2,20260510,2026-05-10,114,40021.34,2,3,4.7
741,3,20260510,2026-05-10,94,40268.96,6,2,4.4
742,4,20260510,2026-05-10,94,42268.08,4,0,4.4
743,5,20260510,2026-05-10,161,61827.09,2,3,4.2
744,6,20260510,2026-05-10,111,33748.92,5,0,4.4
745,7,20260510,2026-05-10,122,15481.33,4,3,4.3
746,8,20260510,2026-05-10,149,30795.11,5,1,3.9
747,9,20260510,2026-05-10,123,20248.66,2,2,3.9
748,10,20260510,2026-05-10,156,74060.3,2,0,3.7
749,11,20260510,2026-05-10,145,26807.88,3,2,4.2
750,12,20260510,2026-05-10,106,47465.44,2,3,3.8
751,13,20260510,2026-05-10,163,74517.37,5,2,4.3
752,14,20260510,2026-05-10,129,44232.04,1,1,4.8
753,15,20260510,2026-05-10,63,15982.18,1,2,3.9
754,16,20260510,2026-05-10,45,15316.05,1,2,4.7
755,17,20260510,2026-05-10,60,17909.46,0,2,4.8
756,18,20260510,2026-05-10,54,12785.3,0,3,4.0
757,1,20260509,2026-05-09,170,52505.08,5,0,4.7
758,2,20260509,2026-05-09,128,48196.71,4,2,3.9
759,3,20260509,2026-05-09,117,43735.01,0,0,4.5
760,4,20260509,2026-05-09,166,27562.63,6,3,4.0
761,5,20260509,2026-05-09,113,48205.39,5,2,4.8
762,6,20260509,2026-05-09,104,37921.64,3,3,4.8
763,7,20260509,2026-05-09,130,34662.56,6,2,4.8
764,8,20260509,2026-05-09,146,50219.19,3,0,3.8
765,9,20260509,2026-05-09,141,50583.87,0,2,4.6
766,10,20260509,2026-05-09,167,66057.76,5,0,4.4
767,11,20260509,2026-05-09,167,39272.84,4,3,3.9
768,12,20260509,2026-05-09,143,64390.06,6,3,4.8
769,13,20260509,2026-05-09,104,44058.91,1,1,4.4
770,14,20260509,2026-05-09,131,37558.62,5,3,4.7
771,15,20260509,2026-05-09,55,19812.89,1,2,4.2
772,16,20260509,2026-05-09,61,24705.23,1,3,4.8
773,17,20260509,2026-05-09,53,24237.7,1,3,3.9
774,18,20260509,2026-05-09,50,20892.82,0,0,4.2
775,1,20260508,2026-05-08,271,41281.31,6,1,4.4
776,2,20260508,2026-05-08,191,26068.44,4,0,4.3
777,3,20260508,2026-05-08,270,117376.84,5,0,4.0
778,4,20260508,2026-05-08,229,40422.22,0,3,3.8
779,5,20260508,2026-05-08,221,53442.2,2,1,4.0
780,6,20260508,2026-05-08,159,60928.41,3,3,4.4
781,7,20260508,2026-05-08,195,51847.84,3,0,4.2
782,8,20260508,2026-05-08,231,44002.54,0,2,4.4
783,9,20260508,2026-05-08,193,65265.5,6,3,3.6
784,10,20260508,2026-05-08,230,78428.81,1,2,4.5
785,11,20260508,2026-05-08,244,112056.12,5,3,3.9
786,12,20260508,2026-05-08,165,46422.25,1,0,4.0
787,13,20260508,2026-05-08,264,90623.91,1,2,4.2
788,14,20260508,2026-05-08,262,92194.61,3,1,4.6
789,15,20260508,2026-05-08,80,32620.31,1,0,3.9
790,16,20260508,2026-05-08,81,33308.8,0,0,4.1
791,17,20260508,2026-05-08,63,24350.21,1,3,4.2
792,18,20260508,2026-05-08,89,40921.0,1,0,4.1
793,1,20260507,2026-05-07,267,55020.69,6,1,4.0
794,2,20260507,2026-05-07,264,119747.08,1,2,4.8
795,3,20260507,2026-05-07,232,66033.7,2,1,4.1
796,4,20260507,2026-05-07,260,72479.89,5,1,4.6
797,5,20260507,2026-05-07,285,67278.87,4,3,4.6
798,6,20260507,2026-05-07,218,41872.11,6,2,4.7
799,7,20260507,2026-05-07,245,71798.08,5,0,4.4
800,8,20260507,2026-05-07,192,68072.59,1,1,4.7
801,9,20260507,2026-05-07,165,66618.21,1,2,4.1
802,10,20260507,2026-05-07,167,30307.14,2,3,4.5
803,11,20260507,2026-05-07,277,53608.57,4,3,4.7
804,12,20260507,2026-05-07,243,116605.02,3,0,4.4
805,13,20260507,2026-05-07,280,122758.82,6,1,4.2
806,14,20260507,2026-05-07,251,53561.59,5,3,4.8
807,15,20260507,2026-05-07,86,31232.6,0,3,4.3
808,16,20260507,2026-05-07,71,16995.68,1,0,4.7
809,17,20260507,2026-05-07,69,27724.18,0,2,4.8
810,18,20260507,2026-05-07,83,35750.14,0,1,4.8
811,1,20260506,2026-05-06,211,44613.21,1,1,4.4
812,2,20260506,2026-05-06,242,98076.79,3,0,3.7
813,3,20260506,2026-05-06,273,109478.27,3,3,4.9
814,4,20260506,2026-05-06,231,95796.39,1,0,4.8
815,5,20260506,2026-05-06,225,75571.76,5,0,3.8
816,6,20260506,2026-05-06,223,105579.76,6,0,3.7
817,7,20260506,2026-05-06,248,29911.67,5,3,3.9
818,8,20260506,2026-05-06,267,73755.95,1,3,4.5
819,9,20260506,2026-05-06,166,53037.26,3,0,4.3
820,10,20260506,2026-05-06,261,100079.14,3,1,4.8
821,11,20260506,2026-05-06,239,54335.01,5,0,3.7
822,12,20260506,2026-05-06,247,76013.66,1,3,3.7
823,13,20260506,2026-05-06,204,90366.24,6,0,4.8
824,14,20260506,2026-05-06,239,55804.7,3,1,4.0
825,15,20260506,2026-05-06,66,16626.38,0,0,4.1
826,16,20260506,2026-05-06,85,25015.15,0,0,4.2
827,17,20260506,2026-05-06,88,11810.66,1,1,4.6
828,18,20260506,2026-05-06,76,20379.8,0,3,4.8
829,1,20260505,2026-05-05,285,55162.51,2,1,4.3
830,2,20260505,2026-05-05,232,79649.83,2,1,4.4
831,3,20260505,2026-05-05,185,68617.54,4,0,4.2
832,4,20260505,2026-05-05,192,34778.1,5,3,4.2
833,5,20260505,2026-05-05,188,30576.98,3,0,4.0
834,6,20260505,2026-05-05,216,70388.2,0,1,3.8
835,7,20260505,2026-05-05,236,33256.69,0,0,4.6
836,8,20260505,2026-05-05,253,94558.66,0,1,4.8
837,9,20260505,2026-05-05,170,60736.71,6,2,4.4
838,10,20260505,2026-05-05,252,80381.98,0,0,4.1
839,11,20260505,2026-05-05,204,87226.22,4,1,3.9
840,12,20260505,2026-05-05,189,49818.49,0,2,4.8
841,13,20260505,2026-05-05,247,87099.85,3,2,3.8
842,14,20260505,2026-05-05,257,46480.19,1,3,4.5
843,15,20260505,2026-05-05,113,34069.14,1,2,4.7
844,16,20260505,2026-05-05,99,24603.98,0,1,4.1
845,17,20260505,2026-05-05,114,27800.3,1,1,4.4
846,18,20260505,2026-05-05,65,26900.67,0,0,4.0
847,1,20260504,2026-05-04,257,95702.5,5,0,3.6
848,2,20260504,2026-05-04,227,103683.8,1,2,3.7
849,3,20260504,2026-05-04,214,34824.61,1,1,4.4
850,4,20260504,2026-05-04,192,61869.53,2,3,4.5
851,5,20260504,2026-05-04,155,68254.9,3,1,3.6
852,6,20260504,2026-05-04,169,76565.07,0,0,4.4
853,7,20260504,2026-05-04,157,60333.44,3,1,4.8
854,8,20260504,2026-05-04,264,34816.05,6,1,4.7
855,9,20260504,2026-05-04,237,37811.17,0,0,3.6
856,10,20260504,2026-05-04,191,40320.54,4,1,4.5
857,11,20260504,2026-05-04,175,83643.61,0,1,4.0
858,12,20260504,2026-05-04,206,34924.35,0,0,4.5
859,13,20260504,2026-05-04,227,36918.35,2,3,4.1
860,14,20260504,2026-05-04,222,37809.57,0,1,4.2
861,15,20260504,2026-05-04,98,26955.73,1,3,4.5
862,16,20260504,2026-05-04,75,30447.21,1,3,4.7
863,17,20260504,2026-05-04,72,31037.64,0,2,4.1
864,18,20260504,2026-05-04,80,32689.72,1,0,4.0
865,1,20260503,2026-05-03,163,69169.12,2,2,4.3
866,2,20260503,2026-05-03,99,39680.61,3,1,3.7
867,3,20260503,2026-05-03,119,48733.61,4,1,4.5
868,4,20260503,2026-05-03,103,39731.63,1,0,4.1
869,5,20260503,2026-05-03,171,80656.12,3,0,4.4
870,6,20260503,2026-05-03,135,49552.08,6,1,3.9
871,7,20260503,2026-05-03,107,23567.41,6,3,4.8
872,8,20260503,2026-05-03,111,18845.89,5,0,4.4
873,9,20260503,2026-05-03,133,37421.26,5,0,3.8
874,10,20260503,2026-05-03,154,24432.31,0,1,4.1
875,11,20260503,2026-05-03,170,49724.03,6,1,4.6
876,12,20260503,2026-05-03,155,29342.72,6,1,4.2
877,13,20260503,2026-05-03,109,38541.59,4,1,4.5
878,14,20260503,2026-05-03,124,50927.95,2,3,4.4
879,15,20260503,2026-05-03,51,14371.22,1,1,4.4
880,16,20260503,2026-05-03,57,20301.56,1,1,4.5
881,17,20260503,2026-05-03,38,17182.36,0,0,4.4
882,18,20260503,2026-05-03,62,11785.22,1,1,4.4
883,1,20260502,2026-05-02,117,53886.33,5,2,4.1
884,2,20260502,2026-05-02,156,40783.45,3,3,4.0
885,3,20260502,2026-05-02,169,35709.84,4,2,4.6
886,4,20260502,2026-05-02,130,30979.57,2,1,3.8
887,5,20260502,2026-05-02,162,75398.73,2,3,4.2
888,6,20260502,2026-05-02,170,48842.17,2,1,3.9
889,7,20260502,2026-05-02,108,31656.81,6,2,4.4
890,8,20260502,2026-05-02,117,40098.17,6,0,4.2
891,9,20260502,2026-05-02,162,37729.43,0,2,4.7
892,10,20260502,2026-05-02,139,36777.3,3,3,3.7
893,11,20260502,2026-05-02,144,20123.14,2,1,4.6
894,12,20260502,2026-05-02,106,36544.86,5,1,4.3
895,13,20260502,2026-05-02,164,63974.68,6,0,4.9
896,14,20260502,2026-05-02,153,55366.33,2,0,4.4
897,15,20260502,2026-05-02,54,11094.59,0,0,4.5
898,16,20260502,2026-05-02,40,11423.88,1,1,4.6
899,17,20260502,2026-05-02,47,16747.7,1,0,4.5
900,18,20260502,2026-05-02,43,9092.97,0,1,4.6
901,1,20260501,2026-05-01,173,60073.44,3,3,3.7
902,2,20260501,2026-05-01,173,28458.93,3,3,3.8
903,3,20260501,2026-05-01,201,47033.45,5,3,3.7
904,4,20260501,2026-05-01,167,72419.64,1,3,4.6
905,5,20260501,2026-05-01,218,79330.03,0,1,4.7
906,6,20260501,2026-05-01,262,68431.64,1,2,4.6
907,7,20260501,2026-05-01,177,42155.96,6,3,3.6
908,8,20260501,2026-05-01,225,72231.97,3,3,4.8
909,9,20260501,2026-05-01,215,56231.91,4,2,3.9
910,10,20260501,2026-05-01,166,37884.39,3,0,4.8
911,11,20260501,2026-05-01,273,62333.29,2,3,4.3
912,12,20260501,2026-05-01,241,89037.13,4,3,4.1
913,13,20260501,2026-05-01,284,73806.06,1,3,3.7
914,14,20260501,2026-05-01,156,18786.94,1,0,4.3
915,15,20260501,2026-05-01,108,24598.81,1,1,4.5
916,16,20260501,2026-05-01,112,23716.98,0,1,4.7
917,17,20260501,2026-05-01,107,34445.29,1,0,4.1
918,18,20260501,2026-05-01,92,25002.19,1,0,4.7
919,1,20260430,2026-04-30,168,63675.53,3,1,3.8
920,2,20260430,2026-04-30,199,61181.79,5,3,4.4
921,3,20260430,2026-04-30,225,68347.01,0,1,4.3
922,4,20260430,2026-04-30,207,87461.76,2,0,4.3
923,5,20260430,2026-04-30,223,54579.93,6,2,4.1
924,6,20260430,2026-04-30,159,75243.41,6,1,4.9
925,7,20260430,2026-04-30,238,89258.74,1,0,4.1
926,8,20260430,2026-04-30,232,62295.98,3,1,3.7
927,9,20260430,2026-04-30,208,68897.19,0,0,3.7
928,10,20260430,2026-04-30,225,82851.32,0,0,4.5
929,11,20260430,2026-04-30,251,111353.08,6,0,3.9
930,12,20260430,2026-04-30,227,40434.31,1,3,4.9
931,13,20260430,2026-04-30,205,94356.59,4,0,4.0
932,14,20260430,2026-04-30,200,59415.47,0,3,3.6
933,15,20260430,2026-04-30,70,28725.21,0,0,4.2
934,16,20260430,2026-04-30,82,16654.47,0,2,4.0
935,17,20260430,2026-04-30,77,12709.81,1,2,4.2
936,18,20260430,2026-04-30,105,37101.8,1,1,4.9
937,1,20260429,2026-04-29,231,105347.95,6,0,3.7
938,2,20260429,2026-04-29,268,67679.68,3,1,4.7
939,3,20260429,2026-04-29,166,68335.02,0,2,3.8
940,4,20260429,2026-04-29,280,131704.68,2,3,4.1
941,5,20260429,2026-04-29,252,111780.83,3,1,4.1
942,6,20260429,2026-04-29,172,70560.83,1,1,3.9
943,7,20260429,2026-04-29,158,22975.76,2,2,3.8
944,8,20260429,2026-04-29,272,123207.43,4,1,4.5
945,9,20260429,2026-04-29,219,28392.0,5,1,4.6
946,10,20260429,2026-04-29,189,83523.3,1,0,4.3
947,11,20260429,2026-04-29,170,23836.17,5,1,4.6
948,12,20260429,2026-04-29,187,61790.64,2,1,3.8
949,13,20260429,2026-04-29,179,64623.62,5,2,4.5
950,14,20260429,2026-04-29,258,104604.56,3,0,4.1
951,15,20260429,2026-04-29,79,9980.18,0,3,4.0
952,16,20260429,2026-04-29,85,37940.29,1,0,3.8
953,17,20260429,2026-04-29,94,27006.56,0,1,4.4
954,18,20260429,2026-04-29,95,32659.77,1,1,3.8
955,1,20260428,2026-04-28,226,59092.94,0,3,4.9
956,2,20260428,2026-04-28,285,69496.17,0,2,4.0
957,3,20260428,2026-04-28,185,60469.38,1,2,4.3
958,4,20260428,2026-04-28,218,52049.11,5,0,3.8
959,5,20260428,2026-04-28,252,50476.54,5,0,4.6
960,6,20260428,2026-04-28,235,50767.97,0,1,4.6
961,7,20260428,2026-04-28,242,105587.42,3,3,3.8
962,8,20260428,2026-04-28,187,71130.16,3,3,4.5
963,9,20260428,2026-04-28,227,97823.19,1,2,4.4
964,10,20260428,2026-04-28,184,82033.91,2,1,3.8
965,11,20260428,2026-04-28,173,26718.92,6,0,4.0
966,12,20260428,2026-04-28,284,101273.8,6,3,3.7
967,13,20260428,2026-04-28,271,94988.83,0,3,4.7
968,14,20260428,2026-04-28,216,54935.49,3,2,4.2
969,15,20260428,2026-04-28,108,22534.69,1,1,4.2
970,16,20260428,2026-04-28,113,33938.77,1,3,4.3
971,17,20260428,2026-04-28,97,43449.26,1,2,4.7
972,18,20260428,2026-04-28,111,21047.82,1,0,3.8
973,1,20260427,2026-04-27,282,89306.04,3,0,4.3
974,2,20260427,2026-04-27,169,26292.91,6,1,4.2
975,3,20260427,2026-04-27,215,73759.03,3,3,4.4
976,4,20260427,2026-04-27,220,86697.18,3,1,4.5
977,5,20260427,2026-04-27,260,102102.37,3,0,3.7
978,6,20260427,2026-04-27,206,60151.06,1,0,4.5
979,7,20260427,2026-04-27,248,33115.63,6,2,4.7
980,8,20260427,2026-04-27,157,41272.35,3,1,3.9
981,9,20260427,2026-04-27,219,63786.7,4,0,4.0
982,10,20260427,2026-04-27,265,107866.99,4,3,4.7
983,11,20260427,2026-04-27,164,49538.1,4,1,4.7
984,12,20260427,2026-04-27,265,109515.85,4,3,4.5
985,13,20260427,2026-04-27,226,37276.28,1,0,4.4
986,14,20260427,2026-04-27,225,103092.95,0,2,4.1
987,15,20260427,2026-04-27,76,32507.78,1,0,3.9
988,16,20260427,2026-04-27,102,32171.47,1,3,4.3
989,17,20260427,2026-04-27,104,36566.42,0,1,4.6
990,18,20260427,2026-04-27,74,25342.68,1,1,3.7
991,1,20260426,2026-04-26,97,31609.71,2,2,3.8
992,2,20260426,2026-04-26,103,30147.15,1,1,4.2
993,3,20260426,2026-04-26,149,68811.38,2,2,3.9
994,4,20260426,2026-04-26,130,59836.16,1,0,3.7
995,5,20260426,2026-04-26,139,17097.71,2,1,4.0
996,6,20260426,2026-04-26,128,46379.14,6,1,4.9
997,7,20260426,2026-04-26,123,51988.13,6,0,3.7
998,8,20260426,2026-04-26,102,37645.07,0,1,4.9
999,9,20260426,2026-04-26,142,51203.2,5,2,3.9
1000,10,20260426,2026-04-26,123,41539.3,5,3,4.2
1001,11,20260426,2026-04-26,97,39549.68,4,3,4.0
1002,12,20260426,2026-04-26,152,55267.2,1,2,3.7
1003,13,20260426,2026-04-26,112,30925.14,5,0,3.7
1004,14,20260426,2026-04-26,160,70389.84,3,3,4.9
1005,15,20260426,2026-04-26,45,11983.12,0,2,4.6
1006,16,20260426,2026-04-26,43,20076.29,1,3,4.4
1007,17,20260426,2026-04-26,55,7918.51,0,2,3.9
1008,18,20260426,2026-04-26,49,13516.55,1,0,4.9
1009,1,20260425,2026-04-25,114,54657.39,2,1,3.9
1010,2,20260425,2026-04-25,126,48021.26,6,1,4.3
1011,3,20260425,2026-04-25,102,22691.13,4,2,4.4
1012,4,20260425,2026-04-25,115,28203.77,5,0,4.7
1013,5,20260425,2026-04-25,101,28714.51,3,2,4.1
1014,6,20260425,2026-04-25,136,49267.76,5,3,3.8
1015,7,20260425,2026-04-25,96,32771.97,0,0,3.8
1016,8,20260425,2026-04-25,168,71076.86,3,2,4.6
1017,9,20260425,2026-04-25,148,23286.6,0,0,4.0
1018,10,20260425,2026-04-25,128,40396.88,4,1,4.1
1019,11,20260425,2026-04-25,109,38307.23,0,3,3.8
1020,12,20260425,2026-04-25,120,52091.93,2,3,4.4
1021,13,20260425,2026-04-25,95,27011.98,0,3,4.9
1022,14,20260425,2026-04-25,167,74246.93,0,3,4.8
1023,15,20260425,2026-04-25,48,6833.64,1,1,3.8
1024,16,20260425,2026-04-25,69,23954.86,1,2,4.6
1025,17,20260425,2026-04-25,43,10584.7,0,3,4.7
1026,18,20260425,2026-04-25,56,10231.76,0,1,4.6
1027,1,20260424,2026-04-24,253,70279.89,1,2,4.8
1028,2,20260424,2026-04-24,199,91898.98,5,0,3.6
1029,3,20260424,2026-04-24,232,47497.24,4,3,4.0
1030,4,20260424,2026-04-24,168,79740.83,5,3,4.2
1031,5,20260424,2026-04-24,207,47974.73,5,2,4.1
1032,6,20260424,2026-04-24,173,55014.54,0,2,3.7
1033,7,20260424,2026-04-24,162,29973.45,1,2,3.6
1034,8,20260424,2026-04-24,181,86751.67,1,0,3.8
1035,9,20260424,2026-04-24,260,101923.65,1,1,3.7
1036,10,20260424,2026-04-24,268,119791.59,2,0,4.9
1037,11,20260424,2026-04-24,248,95747.6,6,0,4.8
1038,12,20260424,2026-04-24,177,48263.43,4,2,4.0
1039,13,20260424,2026-04-24,236,109056.61,4,2,3.8
1040,14,20260424,2026-04-24,221,51997.45,2,0,4.8
1041,15,20260424,2026-04-24,65,28622.3,1,3,4.9
1042,16,20260424,2026-04-24,103,13313.35,1,3,4.7
1043,17,20260424,2026-04-24,76,11650.45,1,3,4.1
1044,18,20260424,2026-04-24,100,21712.77,0,3,4.5
1045,1,20260423,2026-04-23,244,58167.1,5,2,3.8
1046,2,20260423,2026-04-23,157,40087.15,2,2,4.0
1047,3,20260423,2026-04-23,278,64679.56,1,0,4.9
1048,4,20260423,2026-04-23,176,70179.63,6,2,4.5
1049,5,20260423,2026-04-23,266,86475.98,5,0,4.9
1050,6,20260423,2026-04-23,157,53025.4,3,0,3.9
1051,7,20260423,2026-04-23,160,70383.63,6,0,4.2
1052,8,20260423,2026-04-23,271,63270.38,6,3,4.0
1053,9,20260423,2026-04-23,251,44218.21,6,3,4.2
1054,10,20260423,2026-04-23,280,133753.76,2,1,4.6
1055,11,20260423,2026-04-23,189,60872.15,4,1,4.7
1056,12,20260423,2026-04-23,191,45221.21,4,0,4.8
1057,13,20260423,2026-04-23,172,23276.49,3,0,3.6
1058,14,20260423,2026-04-23,169,64007.03,0,2,4.8
1059,15,20260423,2026-04-23,80,32573.07,0,0,3.9
1060,16,20260423,2026-04-23,106,17258.1,1,1,3.9
1061,17,20260423,2026-04-23,67,24867.67,0,0,4.2
1062,18,20260423,2026-04-23,101,40614.92,0,2,4.3
1063,1,20260422,2026-04-22,215,41915.75,0,0,3.8
1064,2,20260422,2026-04-22,277,124837.2,2,0,4.5
1065,3,20260422,2026-04-22,223,102034.67,0,1,4.2
1066,4,20260422,2026-04-22,273,72779.13,5,2,4.0
1067,5,20260422,2026-04-22,173,22270.41,5,3,4.3
1068,6,20260422,2026-04-22,169,54112.01,3,1,3.7
1069,7,20260422,2026-04-22,197,38359.75,6,2,4.6
1070,8,20260422,2026-04-22,248,100940.02,3,0,3.7
1071,9,20260422,2026-04-22,265,112895.15,0,2,4.9
1072,10,20260422,2026-04-22,196,31065.05,3,3,4.5
1073,11,20260422,2026-04-22,214,79910.07,6,1,3.9
1074,12,20260422,2026-04-22,266,50693.45,4,0,3.9
1075,13,20260422,2026-04-22,178,31239.75,4,2,3.8
1076,14,20260422,2026-04-22,156,19010.89,6,3,3.9
1077,15,20260422,2026-04-22,111,29804.91,0,3,4.7
1078,16,20260422,2026-04-22,68,26261.73,1,0,3.9
1079,17,20260422,2026-04-22,100,14051.27,0,2,4.1
1080,18,20260422,2026-04-22,104,36488.04,1,2,3.8
1081,1,20260421,2026-04-21,271,76957.82,6,0,3.8
1082,2,20260421,2026-04-21,180,22392.9,2,0,4.6
1083,3,20260421,2026-04-21,273,48412.94,4,2,3.9
1084,4,20260421,2026-04-21,228,61449.39,1,3,4.1
1085,5,20260421,2026-04-21,233,74947.11,5,1,4.8
1086,6,20260421,2026-04-21,180,30825.05,2,2,4.4
1087,7,20260421,2026-04-21,206,25014.14,1,0,4.8
1088,8,20260421,2026-04-21,204,71068.15,0,2,4.5
1089,9,20260421,2026-04-21,266,79582.1,1,0,3.8
1090,10,20260421,2026-04-21,284,116064.5,5,3,4.4
1091,11,20260421,2026-04-21,268,114211.12,3,2,3.6
1092,12,20260421,2026-04-21,276,37514.74,3,3,3.9
1093,13,20260421,2026-04-21,271,75788.42,5,2,4.7
1094,14,20260421,2026-04-21,164,75311.19,1,1,3.8
1095,15,20260421,2026-04-21,89,15133.43,1,2,4.2
1096,16,20260421,2026-04-21,78,19114.95,0,3,4.9
1097,17,20260421,2026-04-21,115,51543.64,1,3,4.5
1098,18,20260421,2026-04-21,92,36498.57,1,2,4.7
1099,1,20260420,2026-04-20,206,85300.61,4,0,4.7
1100,2,20260420,2026-04-20,203,44337.93,5,3,4.1
1101,3,20260420,2026-04-20,246,54867.55,1,3,4.0
1102,4,20260420,2026-04-20,221,26682.95,1,0,3.7
1103,5,20260420,2026-04-20,177,44796.92,1,2,4.1
1104,6,20260420,2026-04-20,159,37901.16,4,1,3.6
1105,7,20260420,2026-04-20,205,57404.27,3,1,4.3
1106,8,20260420,2026-04-20,208,64560.29,3,0,4.8
1107,9,20260420,2026-04-20,170,23351.66,0,3,4.2
1108,10,20260420,2026-04-20,207,75109.9,4,2,4.2
1109,11,20260420,2026-04-20,279,94431.99,6,0,4.0
1110,12,20260420,2026-04-20,177,32783.56,0,0,4.0
1111,13,20260420,2026-04-20,232,80314.99,2,2,4.7
1112,14,20260420,2026-04-20,187,66729.24,2,1,3.8
1113,15,20260420,2026-04-20,99,26900.18,1,2,4.8
1114,16,20260420,2026-04-20,79,27963.56,1,3,4.5
1115,17,20260420,2026-04-20,93,18426.58,1,3,4.7
1116,18,20260420,2026-04-20,112,31025.18,1,1,4.3
1117,1,20260419,2026-04-19,140,62682.44,0,0,4.4
1118,2,20260419,2026-04-19,129,52685.83,3,1,4.6
1119,3,20260419,2026-04-19,106,30376.4,2,2,4.1
1120,4,20260419,2026-04-19,142,45862.88,5,2,4.5
1121,5,20260419,2026-04-19,163,54699.74,2,2,4.0
1122,6,20260419,2026-04-19,121,20811.3,6,2,4.7
1123,7,20260419,2026-04-19,94,39259.05,1,2,3.9
1124,8,20260419,2026-04-19,137,40026.81,0,1,3.7
1125,9,20260419,2026-04-19,164,54597.28,0,3,4.8
1126,10,20260419,2026-04-19,170,66862.23,3,3,3.7
1127,11,20260419,2026-04-19,119,20323.67,3,2,4.8
1128,12,20260419,2026-04-19,153,61107.0,4,1,4.1
1129,13,20260419,2026-04-19,115,50336.15,6,0,4.7
1130,14,20260419,2026-04-19,119,28089.09,6,3,4.3
1131,15,20260419,2026-04-19,42,6222.19,0,0,4.1
1132,16,20260419,2026-04-19,60,10079.07,0,0,4.5
1133,17,20260419,2026-04-19,54,14462.37,1,1,4.2
1134,18,20260419,2026-04-19,58,27779.71,0,1,4.6
1135,1,20260418,2026-04-18,99,12240.74,4,3,4.6
1136,2,20260418,2026-04-18,150,29877.69,0,2,4.6
1137,3,20260418,2026-04-18,151,59507.5,1,1,3.7
1138,4,20260418,2026-04-18,118,46145.88,5,2,4.5
1139,5,20260418,2026-04-18,146,38933.33,1,0,3.6
1140,6,20260418,2026-04-18,135,27821.89,0,3,3.7
1141,7,20260418,2026-04-18,134,58037.81,6,3,4.8
1142,8,20260418,2026-04-18,169,25702.25,1,3,3.9
1143,9,20260418,2026-04-18,167,53731.82,4,0,4.3
1144,10,20260418,2026-04-18,144,21640.22,3,3,4.0
1145,11,20260418,2026-04-18,146,57091.51,5,1,4.7
1146,12,20260418,2026-04-18,107,23546.91,5,1,4.5
1147,13,20260418,2026-04-18,106,19006.4,5,2,3.6
1148,14,20260418,2026-04-18,167,51518.2,2,2,4.2
1149,15,20260418,2026-04-18,70,13015.85,0,2,4.7
1150,16,20260418,2026-04-18,65,26353.3,0,1,3.7
1151,17,20260418,2026-04-18,53,9297.29,1,2,3.6
1152,18,20260418,2026-04-18,52,13737.11,1,2,4.2
1153,1,20260417,2026-04-17,229,36568.66,1,1,4.5
1154,2,20260417,2026-04-17,194,89978.16,4,3,3.7
1155,3,20260417,2026-04-17,155,55718.53,5,1,4.7
1156,4,20260417,2026-04-17,225,74226.45,1,0,4.6
1157,5,20260417,2026-04-17,225,54213.08,4,3,3.8
1158,6,20260417,2026-04-17,188,45972.42,5,0,3.9
1159,7,20260417,2026-04-17,275,70067.2,4,1,4.5
1160,8,20260417,2026-04-17,158,62170.3,1,3,3.7
1161,9,20260417,2026-04-17,284,56499.41,0,2,4.5
1162,10,20260417,2026-04-17,198,71738.39,2,0,3.9
1163,11,20260417,2026-04-17,251,87296.62,3,1,3.6
1164,12,20260417,2026-04-17,215,81560.61,5,0,4.4
1165,13,20260417,2026-04-17,158,56244.94,3,1,4.8
1166,14,20260417,2026-04-17,165,75947.4,4,2,4.4
1167,15,20260417,2026-04-17,79,31281.78,1,0,3.8
1168,16,20260417,2026-04-17,84,13915.63,1,1,4.9
1169,17,20260417,2026-04-17,108,21547.26,1,0,4.2
1170,18,20260417,2026-04-17,73,32700.51,0,1,3.6
1171,1,20260416,2026-04-16,242,67468.27,4,1,4.0
1172,2,20260416,2026-04-16,155,30621.76,0,1,4.1
1173,3,20260416,2026-04-16,263,65638.03,2,1,4.3
1174,4,20260416,2026-04-16,243,36914.3,5,3,3.8
1175,5,20260416,2026-04-16,283,35147.94,0,1,4.4
1176,6,20260416,2026-04-16,181,24731.87,0,3,4.0
1177,7,20260416,2026-04-16,156,59179.8,0,3,4.5
1178,8,20260416,2026-04-16,164,21180.12,6,0,4.5
1179,9,20260416,2026-04-16,222,79671.25,5,2,4.4
1180,10,20260416,2026-04-16,258,88729.34,6,3,4.4
1181,11,20260416,2026-04-16,249,78385.68,6,0,3.9
1182,12,20260416,2026-04-16,233,103468.3,1,2,3.7
1183,13,20260416,2026-04-16,258,33790.19,3,0,4.0
1184,14,20260416,2026-04-16,212,84249.78,5,3,4.5
1185,15,20260416,2026-04-16,94,29785.83,1,1,4.4
1186,16,20260416,2026-04-16,67,10579.19,1,1,4.7
1187,17,20260416,2026-04-16,100,44727.05,0,3,4.7
1188,18,20260416,2026-04-16,88,20252.0,0,1,4.3
1189,1,20260415,2026-04-15,162,50713.8,2,0,3.9
1190,2,20260415,2026-04-15,213,63676.68,0,2,4.5
1191,3,20260415,2026-04-15,175,78431.91,3,1,4.6
1192,4,20260415,2026-04-15,278,112784.38,0,1,4.1
1193,5,20260415,2026-04-15,226,84203.93,0,3,4.6
1194,6,20260415,2026-04-15,285,91305.21,0,1,4.5
1195,7,20260415,2026-04-15,191,60568.71,3,3,4.5
1196,8,20260415,2026-04-15,196,26546.38,4,1,3.8
1197,9,20260415,2026-04-15,203,44376.67,4,0,3.9
1198,10,20260415,2026-04-15,266,102613.83,3,2,4.3
1199,11,20260415,2026-04-15,189,49562.22,2,0,4.2
1200,12,20260415,2026-04-15,242,44485.44,3,1,4.4
1201,13,20260415,2026-04-15,247,86305.56,6,3,4.1
1202,14,20260415,2026-04-15,235,96236.86,2,0,4.1
1203,15,20260415,2026-04-15,95,25206.09,1,1,4.6
1204,16,20260415,2026-04-15,69,29169.05,1,3,4.3
1205,17,20260415,2026-04-15,66,15243.15,0,1,4.0
1206,18,20260415,2026-04-15,93,31886.51,1,0,3.7
1207,1,20260414,2026-04-14,192,29468.54,0,0,4.8
1208,2,20260414,2026-04-14,207,68275.09,5,3,4.1
1209,3,20260414,2026-04-14,196,87282.48,4,2,4.4
1210,4,20260414,2026-04-14,283,111587.53,3,3,3.7
1211,5,20260414,2026-04-14,173,70379.86,3,1,3.9
1212,6,20260414,2026-04-14,272,121580.18,0,1,4.0
1213,7,20260414,2026-04-14,251,81692.48,6,0,3.8
1214,8,20260414,2026-04-14,159,30191.28,0,3,4.0
1215,9,20260414,2026-04-14,262,123084.16,0,0,3.8
1216,10,20260414,2026-04-14,205,67497.92,4,2,4.2
1217,11,20260414,2026-04-14,157,64380.31,4,0,4.0
1218,12,20260414,2026-04-14,277,129535.8,3,0,4.6
1219,13,20260414,2026-04-14,284,51402.07,2,1,4.1
1220,14,20260414,2026-04-14,172,36946.17,3,0,4.5
1221,15,20260414,2026-04-14,100,21561.76,0,1,4.0
1222,16,20260414,2026-04-14,63,13355.62,1,3,4.6
1223,17,20260414,2026-04-14,98,44480.66,1,3,3.9
1224,18,20260414,2026-04-14,75,34667.84,1,3,4.9
1225,1,20260413,2026-04-13,221,91653.34,2,0,3.7
1226,2,20260413,2026-04-13,207,91639.28,0,2,4.4
1227,3,20260413,2026-04-13,191,24911.65,0,1,3.7
1228,4,20260413,2026-04-13,276,73195.75,2,0,4.9
1229,5,20260413,2026-04-13,250,82963.59,1,1,4.4
1230,6,20260413,2026-04-13,163,24374.03,6,2,4.6
1231,7,20260413,2026-04-13,202,38322.45,4,1,4.6
1232,8,20260413,2026-04-13,253,49495.62,6,3,3.9
1233,9,20260413,2026-04-13,175,38951.75,0,3,3.7
1234,10,20260413,2026-04-13,281,69902.62,5,2,4.6
1235,11,20260413,2026-04-13,214,64359.56,6,2,4.0
1236,12,20260413,2026-04-13,173,56951.9,2,1,4.5
1237,13,20260413,2026-04-13,180,35683.49,4,0,3.9
1238,14,20260413,2026-04-13,255,96015.28,5,0,4.3
1239,15,20260413,2026-04-13,105,16168.59,1,0,4.5
1240,16,20260413,2026-04-13,78,28816.93,1,0,4.5
1241,17,20260413,2026-04-13,83,21139.04,1,2,4.9
1242,18,20260413,2026-04-13,87,26561.97,0,1,4.5
1243,1,20260412,2026-04-12,115,18404.45,5,3,3.8
1244,2,20260412,2026-04-12,140,61042.77,1,0,4.1
1245,3,20260412,2026-04-12,149,26509.78,6,0,4.2
1246,4,20260412,2026-04-12,160,51152.81,0,3,3.7
1247,5,20260412,2026-04-12,167,77988.19,1,1,4.1
1248,6,20260412,2026-04-12,98,33131.21,4,0,4.1
1249,7,20260412,2026-04-12,114,39472.04,1,1,4.0
1250,8,20260412,2026-04-12,123,22132.39,0,2,3.8
1251,9,20260412,2026-04-12,151,72428.76,4,1,4.2
1252,10,20260412,2026-04-12,122,47504.01,0,2,3.7
1253,11,20260412,2026-04-12,99,28371.38,5,2,4.5
1254,12,20260412,2026-04-12,114,42893.98,1,1,4.2
1255,13,20260412,2026-04-12,116,36562.59,0,3,3.7
1256,14,20260412,2026-04-12,134,29292.66,0,0,4.0
1257,15,20260412,2026-04-12,50,11825.19,0,1,3.7
1258,16,20260412,2026-04-12,54,11380.47,1,0,4.2
1259,17,20260412,2026-04-12,54,21002.81,0,1,3.7
1260,18,20260412,2026-04-12,64,24050.58,0,0,3.9
1261,1,20260411,2026-04-11,143,62776.93,0,2,3.6
1262,2,20260411,2026-04-11,168,67177.64,4,2,4.0
1263,3,20260411,2026-04-11,147,41563.86,0,0,4.1
1264,4,20260411,2026-04-11,117,37400.8,5,1,3.8
1265,5,20260411,2026-04-11,112,19144.34,1,1,3.7
1266,6,20260411,2026-04-11,135,52932.24,3,2,4.0
1267,7,20260411,2026-04-11,141,57099.2,5,2,4.9
1268,8,20260411,2026-04-11,130,57894.6,1,1,4.6
1269,9,20260411,2026-04-11,125,26070.88,3,1,4.1
1270,10,20260411,2026-04-11,119,33948.49,1,0,4.4
1271,11,20260411,2026-04-11,96,30006.8,3,0,4.3
1272,12,20260411,2026-04-11,103,34391.04,2,3,4.3
1273,13,20260411,2026-04-11,160,68760.93,3,2,4.1
1274,14,20260411,2026-04-11,127,32787.97,5,3,4.6
1275,15,20260411,2026-04-11,66,22351.04,1,0,4.1
1276,16,20260411,2026-04-11,42,7033.04,1,0,4.8
1277,17,20260411,2026-04-11,59,10670.66,1,1,4.0
1278,18,20260411,2026-04-11,68,16605.94,1,1,4.5
1279,1,20260410,2026-04-10,250,106861.13,3,3,3.9
1280,2,20260410,2026-04-10,185,77916.41,0,1,3.8
1281,3,20260410,2026-04-10,154,46144.18,1,1,4.0
1282,4,20260410,2026-04-10,251,69191.27,3,1,4.4
1283,5,20260410,2026-04-10,249,62697.37,0,2,4.6
1284,6,20260410,2026-04-10,188,67315.42,4,1,3.6
1285,7,20260410,2026-04-10,272,101942.91,6,0,4.9
1286,8,20260410,2026-04-10,253,63499.94,6,2,3.9
1287,9,20260410,2026-04-10,163,48369.63,6,1,4.8
1288,10,20260410,2026-04-10,234,94891.6,2,0,4.6
1289,11,20260410,2026-04-10,254,47643.44,2,2,4.4
1290,12,20260410,2026-04-10,181,61624.32,0,1,3.9
1291,13,20260410,2026-04-10,179,74915.94,2,3,4.1
1292,14,20260410,2026-04-10,270,71627.22,5,2,3.9
1293,15,20260410,2026-04-10,74,35415.2,1,3,4.5
1294,16,20260410,2026-04-10,81,12254.12,0,1,4.5
1295,17,20260410,2026-04-10,82,17170.22,1,1,4.7
1296,18,20260410,2026-04-10,67,10410.8,1,3,4.7
1297,1,20260409,2026-04-09,168,31333.05,0,2,4.9
1298,2,20260409,2026-04-09,255,69482.83,4,0,3.8
1299,3,20260409,2026-04-09,159,70401.29,2,3,4.3
1300,4,20260409,2026-04-09,246,55335.98,5,0,4.8
1301,5,20260409,2026-04-09,172,27400.31,0,0,4.7
1302,6,20260409,2026-04-09,283,34355.76,2,2,4.5
1303,7,20260409,2026-04-09,207,92826.49,2,1,4.6
1304,8,20260409,2026-04-09,267,34265.67,1,2,3.7
1305,9,20260409,2026-04-09,202,87896.33,1,1,3.8
1306,10,20260409,2026-04-09,197,23813.24,0,1,3.8
1307,11,20260409,2026-04-09,233,82697.52,1,1,4.1
1308,12,20260409,2026-04-09,180,32486.07,3,2,4.3
1309,13,20260409,2026-04-09,203,60203.28,2,3,4.8
1310,14,20260409,2026-04-09,209,71225.27,2,2,4.8
1311,15,20260409,2026-04-09,112,29733.33,0,0,4.7
1312,16,20260409,2026-04-09,105,38584.68,1,2,4.2
1313,17,20260409,2026-04-09,66,14745.84,1,3,4.6
1314,18,20260409,2026-04-09,79,20731.28,1,3,3.7
1315,1,20260408,2026-04-08,236,77890.9,1,2,4.0
1316,2,20260408,2026-04-08,268,99441.57,6,1,4.0
1317,3,20260408,2026-04-08,243,63215.98,2,2,4.1
1318,4,20260408,2026-04-08,206,63762.84,2,1,4.0
1319,5,20260408,2026-04-08,266,68334.36,2,2,4.4
1320,6,20260408,2026-04-08,252,101842.5,5,1,3.8
1321,7,20260408,2026-04-08,244,51896.33,4,3,4.6
1322,8,20260408,2026-04-08,285,114961.76,2,1,4.5
1323,9,20260408,2026-04-08,191,26776.1,4,0,4.7
1324,10,20260408,2026-04-08,285,35198.01,6,0,4.5
1325,11,20260408,2026-04-08,244,62470.41,6,1,4.6
1326,12,20260408,2026-04-08,237,86205.58,3,2,4.0
1327,13,20260408,2026-04-08,220,54930.76,5,3,4.9
1328,14,20260408,2026-04-08,239,71919.65,2,2,4.6
1329,15,20260408,2026-04-08,70,16101.73,1,3,3.8
1330,16,20260408,2026-04-08,66,24498.71,0,3,4.1
1331,17,20260408,2026-04-08,64,18403.84,0,2,3.8
1332,18,20260408,2026-04-08,103,23890.28,0,3,3.6
1333,1,20260407,2026-04-07,188,41106.95,0,2,4.6
1334,2,20260407,2026-04-07,272,72580.93,0,2,3.9
1335,3,20260407,2026-04-07,225,77331.52,4,1,4.3
1336,4,20260407,2026-04-07,235,68489.31,0,0,4.5
1337,5,20260407,2026-04-07,245,116540.18,3,0,4.7
1338,6,20260407,2026-04-07,279,89867.08,3,3,4.8
1339,7,20260407,2026-04-07,213,40380.76,6,2,4.4
1340,8,20260407,2026-04-07,262,98350.48,2,2,4.5
1341,9,20260407,2026-04-07,239,56894.62,3,0,4.5
1342,10,20260407,2026-04-07,273,120450.49,3,1,3.9
1343,11,20260407,2026-04-07,175,35161.45,5,1,3.7
1344,12,20260407,2026-04-07,219,34261.72,2,2,4.0
1345,13,20260407,2026-04-07,202,40610.91,2,0,3.7
1346,14,20260407,2026-04-07,169,49171.3,3,1,3.8
1347,15,20260407,2026-04-07,98,30140.88,1,1,4.5
1348,16,20260407,2026-04-07,97,29168.88,1,2,4.7
1349,17,20260407,2026-04-07,94,37960.48,1,0,3.7
1350,18,20260407,2026-04-07,89,39384.58,0,2,4.1
1351,1,20260406,2026-04-06,229,80110.41,1,0,3.7
1352,2,20260406,2026-04-06,158,20544.06,3,3,4.1
1353,3,20260406,2026-04-06,185,56729.1,4,2,4.8
1354,4,20260406,2026-04-06,262,51489.98,2,3,4.1
1355,5,20260406,2026-04-06,163,78054.99,5,0,4.8
1356,6,20260406,2026-04-06,285,63640.2,0,2,4.7
1357,7,20260406,2026-04-06,177,52753.23,2,0,4.6
1358,8,20260406,2026-04-06,239,93877.07,2,1,3.6
1359,9,20260406,2026-04-06,243,62170.39,5,1,4.3
1360,10,20260406,2026-04-06,257,98903.53,1,0,4.8
1361,11,20260406,2026-04-06,209,81164.92,6,1,4.8
1362,12,20260406,2026-04-06,227,46393.07,2,2,4.9
1363,13,20260406,2026-04-06,162,31060.66,5,2,3.9
1364,14,20260406,2026-04-06,266,42207.88,5,0,4.5
1365,15,20260406,2026-04-06,77,9364.11,1,3,4.5
1366,16,20260406,2026-04-06,109,17666.79,0,3,4.9
1367,17,20260406,2026-04-06,64,27866.38,1,1,4.0
1368,18,20260406,2026-04-06,72,26409.01,1,1,4.2
1369,1,20260405,2026-04-05,118,40266.93,1,3,4.5
1370,2,20260405,2026-04-05,135,57030.61,3,1,3.8
1371,3,20260405,2026-04-05,133,22903.01,4,3,4.0
1372,4,20260405,2026-04-05,160,50586.27,4,0,4.5
1373,5,20260405,2026-04-05,144,49503.78,6,1,4.1
1374,6,20260405,2026-04-05,150,66398.1,3,0,4.4
1375,7,20260405,2026-04-05,114,42330.77,3,2,4.1
1376,8,20260405,2026-04-05,107,42948.49,3,1,3.6
1377,9,20260405,2026-04-05,97,30441.3,0,0,4.2
1378,10,20260405,2026-04-05,150,26813.72,0,0,4.6
1379,11,20260405,2026-04-05,149,22355.54,6,3,3.8
1380,12,20260405,2026-04-05,109,35472.87,1,3,3.8
1381,13,20260405,2026-04-05,122,20979.84,1,3,4.5
1382,14,20260405,2026-04-05,120,41610.18,3,0,4.2
1383,15,20260405,2026-04-05,50,15049.48,1,0,4.2
1384,16,20260405,2026-04-05,52,13136.52,0,2,4.0
1385,17,20260405,2026-04-05,58,11528.31,1,0,4.4
1386,18,20260405,2026-04-05,43,12612.7,1,3,4.2
1387,1,20260404,2026-04-04,93,19245.26,2,3,4.0
1388,2,20260404,2026-04-04,151,53912.37,4,1,4.4
1389,3,20260404,2026-04-04,130,26947.28,1,1,4.5
1390,4,20260404,2026-04-04,113,52719.85,3,2,4.6
1391,5,20260404,2026-04-04,143,53189.48,4,1,3.6
1392,6,20260404,2026-04-04,148,33564.26,4,0,3.7
1393,7,20260404,2026-04-04,96,32364.15,6,0,3.8
1394,8,20260404,2026-04-04,160,75022.91,5,1,3.8
1395,9,20260404,2026-04-04,113,38680.35,3,2,4.7
1396,10,20260404,2026-04-04,126,29351.88,6,1,3.6
1397,11,20260404,2026-04-04,116,41901.11,6,0,4.3
1398,12,20260404,2026-04-04,116,50994.5,6,3,4.7
1399,13,20260404,2026-04-04,168,57982.9,4,0,3.8
1400,14,20260404,2026-04-04,113,23375.94,3,0,4.4
1401,15,20260404,2026-04-04,38,8583.61,0,2,4.0
1402,16,20260404,2026-04-04,69,28710.8,0,3,3.8
1403,17,20260404,2026-04-04,55,22224.54,1,3,3.9
1404,18,20260404,2026-04-04,68,17531.51,1,2,3.6
1405,1,20260403,2026-04-03,207,48992.56,3,1,4.1
1406,2,20260403,2026-04-03,208,56557.01,6,2,4.8
1407,3,20260403,2026-04-03,192,86456.58,6,2,4.0
1408,4,20260403,2026-04-03,267,71700.76,6,1,4.5
1409,5,20260403,2026-04-03,266,58078.7,3,3,4.8
1410,6,20260403,2026-04-03,168,27653.25,1,0,4.7
1411,7,20260403,2026-04-03,273,34874.7,4,3,4.1
1412,8,20260403,2026-04-03,187,79492.9,4,3,3.8
1413,9,20260403,2026-04-03,255,106851.47,6,2,4.7
1414,10,20260403,2026-04-03,285,66054.02,4,0,3.6
1415,11,20260403,2026-04-03,279,60003.67,3,3,4.4
1416,12,20260403,2026-04-03,249,93605.46,5,1,4.7
1417,13,20260403,2026-04-03,219,28661.93,2,0,3.7
1418,14,20260403,2026-04-03,207,42571.69,3,0,4.6
1419,15,20260403,2026-04-03,109,42089.65,0,3,3.8
1420,16,20260403,2026-04-03,107,48960.58,1,0,3.6
1421,17,20260403,2026-04-03,96,13988.78,0,1,4.9
1422,18,20260403,2026-04-03,96,22994.08,1,2,4.4
1423,1,20260402,2026-04-02,169,42725.17,1,0,3.6
1424,2,20260402,2026-04-02,224,49396.66,6,2,4.6
1425,3,20260402,2026-04-02,221,64945.96,3,2,4.4
1426,4,20260402,2026-04-02,197,52755.36,2,1,3.7
1427,5,20260402,2026-04-02,175,55847.0,1,0,3.9
1428,6,20260402,2026-04-02,245,69816.83,1,3,4.5
1429,7,20260402,2026-04-02,217,103108.38,6,1,3.6
1430,8,20260402,2026-04-02,226,38428.29,0,0,4.1
1431,9,20260402,2026-04-02,253,115196.91,1,3,4.0
1432,10,20260402,2026-04-02,232,57083.89,2,0,3.6
1433,11,20260402,2026-04-02,217,97985.94,6,1,4.2
1434,12,20260402,2026-04-02,238,101165.14,4,0,3.8
1435,13,20260402,2026-04-02,200,67687.8,3,1,4.3
1436,14,20260402,2026-04-02,261,32559.51,6,0,4.0
1437,15,20260402,2026-04-02,112,21305.79,0,2,4.5
1438,16,20260402,2026-04-02,93,36858.47,0,3,4.0
1439,17,20260402,2026-04-02,106,35125.13,0,3,4.1
1440,18,20260402,2026-04-02,111,37907.87,0,3,3.7
1441,1,20260401,2026-04-01,166,66237.31,2,3,4.6
1442,2,20260401,2026-04-01,279,50834.29,2,2,4.3
1443,3,20260401,2026-04-01,208,50794.96,6,2,4.0
1444,4,20260401,2026-04-01,258,75526.4,6,2,3.8
1445,5,20260401,2026-04-01,172,46671.99,3,2,4.3
1446,6,20260401,2026-04-01,216,69917.21,6,1,3.8
1447,7,20260401,2026-04-01,259,104554.43,1,1,3.8
1448,8,20260401,2026-04-01,188,43376.34,4,2,4.6
1449,9,20260401,2026-04-01,270,81410.15,4,3,4.4
1450,10,20260401,2026-04-01,222,91882.1,3,0,3.9
1451,11,20260401,2026-04-01,207,73238.31,5,3,4.2
1452,12,20260401,2026-04-01,157,51038.72,0,2,3.8
1453,13,20260401,2026-04-01,244,77705.63,5,1,4.4
1454,14,20260401,2026-04-01,219,52375.35,0,0,4.4
1455,15,20260401,2026-04-01,87,18463.39,0,3,4.0
1456,16,20260401,2026-04-01,98,19287.35,0,0,4.9
1457,17,20260401,2026-04-01,107,40406.8,1,0,3.9
1458,18,20260401,2026-04-01,99,12142.5,1,2,3.9
1459,1,20260331,2026-03-31,193,48154.51,1,2,4.0
1460,2,20260331,2026-03-31,184,47208.54,4,0,4.2
1461,3,20260331,2026-03-31,256,94161.94,5,1,4.0
1462,4,20260331,2026-03-31,191,32748.75,1,1,4.4
1463,5,20260331,2026-03-31,172,32482.12,4,2,4.5
1464,6,20260331,2026-03-31,161,62600.1,3,1,4.8
1465,7,20260331,2026-03-31,231,92538.84,1,0,4.4
1466,8,20260331,2026-03-31,257,84515.91,4,0,3.9
1467,9,20260331,2026-03-31,206,69666.63,2,2,4.0
1468,10,20260331,2026-03-31,239,55698.03,4,0,4.9
1469,11,20260331,2026-03-31,265,106183.11,1,0,4.1
1470,12,20260331,2026-03-31,271,61956.46,2,0,4.0
1471,13,20260331,2026-03-31,277,130366.16,1,0,4.7
1472,14,20260331,2026-03-31,157,62319.35,4,0,3.8
1473,15,20260331,2026-03-31,97,36369.53,0,0,4.2
1474,16,20260331,2026-03-31,81,13786.74,0,1,4.5
1475,17,20260331,2026-03-31,110,19020.7,0,1,4.6
1476,18,20260331,2026-03-31,97,41782.88,0,1,4.3
1477,1,20260330,2026-03-30,198,86261.05,6,0,4.2
1478,2,20260330,2026-03-30,214,33291.17,5,2,4.1
1479,3,20260330,2026-03-30,154,24166.48,1,0,4.8
1480,4,20260330,2026-03-30,241,42825.76,5,0,4.4
1481,5,20260330,2026-03-30,185,66691.34,4,0,4.7
1482,6,20260330,2026-03-30,257,108911.05,3,3,3.9
1483,7,20260330,2026-03-30,262,86491.08,4,0,4.2
1484,8,20260330,2026-03-30,199,67017.72,1,3,4.8
1485,9,20260330,2026-03-30,199,71218.84,4,1,3.9
1486,10,20260330,2026-03-30,177,71936.67,1,0,4.7
1487,11,20260330,2026-03-30,162,56397.32,0,2,4.1
1488,12,20260330,2026-03-30,279,92652.32,4,1,4.6
1489,13,20260330,2026-03-30,272,115948.76,5,3,3.9
1490,14,20260330,2026-03-30,178,26858.14,1,2,4.0
1491,15,20260330,2026-03-30,106,17026.3,0,3,4.1
1492,16,20260330,2026-03-30,102,14258.64,0,3,4.1
1493,17,20260330,2026-03-30,90,32015.56,0,0,4.8
1494,18,20260330,2026-03-30,68,21103.82,1,3,4.7
1495,1,20260329,2026-03-29,128,26987.61,3,0,4.7
1496,2,20260329,2026-03-29,95,39755.84,6,1,4.7
1497,3,20260329,2026-03-29,166,20802.13,3,0,4.2
1498,4,20260329,2026-03-29,93,31657.92,5,2,4.4
1499,5,20260329,2026-03-29,95,15043.59,0,0,4.7
1500,6,20260329,2026-03-29,119,44691.99,5,0,4.6
1501,7,20260329,2026-03-29,135,53316.93,6,3,4.9
1502,8,20260329,2026-03-29,94,24906.34,0,2,3.6
1503,9,20260329,2026-03-29,140,32218.68,4,1,4.5
1504,10,20260329,2026-03-29,142,46695.18,3,3,3.9
1505,11,20260329,2026-03-29,115,44215.82,2,0,4.6
1506,12,20260329,2026-03-29,116,42647.35,6,3,3.9
1507,13,20260329,2026-03-29,164,24518.03,4,2,4.9
1508,14,20260329,2026-03-29,161,39262.1,3,3,3.9
1509,15,20260329,2026-03-29,69,17739.95,1,3,4.5
1510,16,20260329,2026-03-29,59,22523.67,1,2,3.8
1511,17,20260329,2026-03-29,69,28565.32,0,1,4.5
1512,18,20260329,2026-03-29,42,8313.39,1,3,3.7
1513,1,20260328,2026-03-28,118,47280.15,3,2,4.0
1514,2,20260328,2026-03-28,144,28978.14,0,1,3.9
1515,3,20260328,2026-03-28,161,60374.46,3,0,4.1
1516,4,20260328,2026-03-28,124,37494.85,2,1,4.0
1517,5,20260328,2026-03-28,110,29874.87,2,1,4.8
1518,6,20260328,2026-03-28,163,74690.56,3,3,4.6
1519,7,20260328,2026-03-28,167,73186.27,0,3,4.3
1520,8,20260328,2026-03-28,170,75863.15,1,0,3.6
1521,9,20260328,2026-03-28,146,44778.51,3,3,4.6
1522,10,20260328,2026-03-28,170,57089.91,4,2,4.6
1523,11,20260328,2026-03-28,147,22009.5,1,0,4.5
1524,12,20260328,2026-03-28,124,39967.68,1,2,4.2
1525,13,20260328,2026-03-28,150,26411.16,4,3,3.8
1526,14,20260328,2026-03-28,141,61622.94,4,3,4.8
1527,15,20260328,2026-03-28,50,13007.69,1,2,3.7
1528,16,20260328,2026-03-28,51,16254.93,0,3,3.7
1529,17,20260328,2026-03-28,43,5671.9,0,3,4.5
1530,18,20260328,2026-03-28,52,21923.31,0,2,4.8
1531,1,20260327,2026-03-27,191,27101.17,1,0,4.3
1532,2,20260327,2026-03-27,243,65508.37,3,0,4.0
1533,3,20260327,2026-03-27,280,75894.28,6,0,3.8
1534,4,20260327,2026-03-27,269,61217.07,1,0,4.3
1535,5,20260327,2026-03-27,275,62835.19,1,2,4.5
1536,6,20260327,2026-03-27,218,95141.05,1,0,3.8
1537,7,20260327,2026-03-27,161,66040.67,0,0,4.0
1538,8,20260327,2026-03-27,247,57948.09,4,1,4.6
1539,9,20260327,2026-03-27,222,79574.19,4,2,4.6
1540,10,20260327,2026-03-27,256,54401.8,4,3,3.8
1541,11,20260327,2026-03-27,266,79845.61,6,1,4.8
1542,12,20260327,2026-03-27,209,39097.96,4,0,4.1
1543,13,20260327,2026-03-27,277,62708.17,6,3,3.8
1544,14,20260327,2026-03-27,244,39250.09,3,1,4.9
1545,15,20260327,2026-03-27,111,45908.27,1,0,4.8
1546,16,20260327,2026-03-27,83,19079.74,0,0,3.9
1547,17,20260327,2026-03-27,71,26771.82,1,0,4.3
1548,18,20260327,2026-03-27,78,17593.13,0,1,4.3
1549,1,20260326,2026-03-26,231,101137.82,2,0,4.0
1550,2,20260326,2026-03-26,256,65889.96,6,0,4.2
1551,3,20260326,2026-03-26,187,84728.35,5,2,4.5
1552,4,20260326,2026-03-26,241,55146.31,3,1,4.3
1553,5,20260326,2026-03-26,226,33233.97,6,0,4.3
1554,6,20260326,2026-03-26,211,54139.49,4,0,4.0
1555,7,20260326,2026-03-26,248,49632.74,4,2,4.4
1556,8,20260326,2026-03-26,244,101356.98,5,1,4.5
1557,9,20260326,2026-03-26,155,22422.14,5,1,4.7
1558,10,20260326,2026-03-26,267,116607.87,6,3,3.9
1559,11,20260326,2026-03-26,253,79713.04,5,1,4.5
1560,12,20260326,2026-03-26,262,38737.77,4,2,4.7
1561,13,20260326,2026-03-26,278,85493.16,5,0,3.6
1562,14,20260326,2026-03-26,208,95479.08,0,1,4.7
1563,15,20260326,2026-03-26,105,22471.6,1,2,4.7
1564,16,20260326,2026-03-26,75,33433.48,1,0,4.4
1565,17,20260326,2026-03-26,82,25246.88,0,2,3.8
1566,18,20260326,2026-03-26,84,32734.57,1,3,4.1
1567,1,20260325,2026-03-25,223,33869.6,0,2,4.8
1568,2,20260325,2026-03-25,252,109017.12,0,2,4.9
1569,3,20260325,2026-03-25,270,48159.45,4,0,4.3
1570,4,20260325,2026-03-25,242,87449.0,5,2,4.4
1571,5,20260325,2026-03-25,270,109534.03,1,1,4.6
1572,6,20260325,2026-03-25,284,65706.8,0,1,4.0
1573,7,20260325,2026-03-25,221,92227.66,3,3,4.0
1574,8,20260325,2026-03-25,187,70113.23,1,0,4.0
1575,9,20260325,2026-03-25,274,52496.37,0,3,4.7
1576,10,20260325,2026-03-25,189,79838.56,1,0,4.0
1577,11,20260325,2026-03-25,243,67252.99,0,0,4.3
1578,12,20260325,2026-03-25,214,27055.27,1,2,4.1
1579,13,20260325,2026-03-25,231,30363.44,0,1,4.4
1580,14,20260325,2026-03-25,244,40766.44,4,1,4.0
1581,15,20260325,2026-03-25,65,14299.52,0,0,4.4
1582,16,20260325,2026-03-25,67,31359.76,0,2,3.8
1583,17,20260325,2026-03-25,85,29980.64,1,0,4.6
1584,18,20260325,2026-03-25,102,43998.73,0,1,4.1
1585,1,20260324,2026-03-24,252,59082.04,6,0,3.7
1586,2,20260324,2026-03-24,226,72011.22,1,2,3.8
1587,3,20260324,2026-03-24,243,90383.94,3,0,4.8
1588,4,20260324,2026-03-24,164,60406.79,2,0,4.5
1589,5,20260324,2026-03-24,206,63439.19,2,3,4.4
1590,6,20260324,2026-03-24,172,52107.36,6,3,4.0
1591,7,20260324,2026-03-24,260,69836.26,0,2,4.4
1592,8,20260324,2026-03-24,177,45107.98,5,3,4.6
1593,9,20260324,2026-03-24,165,66899.62,4,0,4.3
1594,10,20260324,2026-03-24,235,99810.63,0,1,4.0
1595,11,20260324,2026-03-24,264,63514.42,2,3,4.7
1596,12,20260324,2026-03-24,213,31763.26,6,0,4.8
1597,13,20260324,2026-03-24,183,26329.45,1,3,4.5
1598,14,20260324,2026-03-24,227,30353.45,1,3,4.3
1599,15,20260324,2026-03-24,105,39535.55,1,3,4.6
1600,16,20260324,2026-03-24,84,24939.71,1,3,4.8
1601,17,20260324,2026-03-24,80,16331.21,1,2,4.7
1602,18,20260324,2026-03-24,71,31140.03,1,0,4.0
1603,1,20260323,2026-03-23,268,66139.33,2,0,4.8
1604,2,20260323,2026-03-23,233,109832.82,6,3,4.6
1605,3,20260323,2026-03-23,282,70009.71,2,3,4.5
1606,4,20260323,2026-03-23,157,64064.25,3,0,4.2
1607,5,20260323,2026-03-23,217,96010.2,2,0,4.6
1608,6,20260323,2026-03-23,179,66671.65,5,3,4.3
1609,7,20260323,2026-03-23,216,37321.91,6,0,4.3
1610,8,20260323,2026-03-23,253,47990.58,6,0,4.2
1611,9,20260323,2026-03-23,267,104207.76,0,3,3.9
1612,10,20260323,2026-03-23,209,50204.98,2,1,4.7
1613,11,20260323,2026-03-23,252,62827.17,0,0,4.7
1614,12,20260323,2026-03-23,280,61681.34,5,3,3.6
1615,13,20260323,2026-03-23,226,107391.88,1,2,4.7
1616,14,20260323,2026-03-23,188,68182.97,5,1,3.7
1617,15,20260323,2026-03-23,76,11293.56,0,1,4.8
1618,16,20260323,2026-03-23,102,15618.96,0,0,4.4
1619,17,20260323,2026-03-23,68,14044.76,1,3,3.9
1620,18,20260323,2026-03-23,98,41743.51,1,3,3.9
1621,1,20260322,2026-03-22,131,59964.48,3,2,4.5
1622,2,20260322,2026-03-22,93,40272.74,2,3,4.0
1623,3,20260322,2026-03-22,139,51277.04,1,1,3.7
1624,4,20260322,2026-03-22,96,29957.0,0,2,4.2
1625,5,20260322,2026-03-22,120,31890.3,2,0,4.3
1626,6,20260322,2026-03-22,167,32281.46,5,2,4.0
1627,7,20260322,2026-03-22,169,58989.75,3,0,3.9
1628,8,20260322,2026-03-22,164,69263.4,2,1,3.7
1629,9,20260322,2026-03-22,112,38521.55,5,1,4.0
1630,10,20260322,2026-03-22,160,43820.98,2,3,3.8
1631,11,20260322,2026-03-22,151,27528.65,6,3,4.0
1632,12,20260322,2026-03-22,146,20517.95,1,1,4.7
1633,13,20260322,2026-03-22,145,63522.32,6,1,4.1
1634,14,20260322,2026-03-22,95,36209.11,2,1,4.3
1635,15,20260322,2026-03-22,66,27682.66,0,2,4.3
1636,16,20260322,2026-03-22,59,14681.64,0,1,4.2
1637,17,20260322,2026-03-22,67,24202.18,0,0,4.8
1638,18,20260322,2026-03-22,39,14512.79,0,0,3.8
