"EntityType","EntityName","Slug","AssetType","RelativePath","IncomingFileName","RequiredForV1","Notes"
"Fighter","Liu Kang","liu-kang","Portrait","public/assets/fighters/liu-kang/portrait.webp","liu-kang_portrait.webp","Yes","Square portrait, recommended 768x768 or 1024x1024 WebP."
"Fighter","Liu Kang","liu-kang","FullBody","public/assets/fighters/liu-kang/fullbody.webp","liu-kang_fullbody.webp","Yes","Transparent/cut-out full-body render, recommended 1200x1600 WebP."
"Fighter","Liu Kang","liu-kang","Background","public/assets/fighters/liu-kang/background.webp","liu-kang_background.webp","Yes","Cinematic card background, recommended 1600x900 WebP."
"Fighter","Liu Kang","liu-kang","Model3D","public/assets/fighters/liu-kang/model.glb","liu-kang_model.glb","No","Optional GLB model for selected fighter detail screen."
"Skin","Liu Kang - default","liu-kang","default","public/assets/skins/liu-kang/default.webp","liu-kang_skin_default.webp","No","Optional skin image for future skin selector."
"Skin","Liu Kang - klassic","liu-kang","klassic","public/assets/skins/liu-kang/klassic.webp","liu-kang_skin_klassic.webp","No","Optional skin image for future skin selector."
"Skin","Liu Kang - seasonal","liu-kang","seasonal","public/assets/skins/liu-kang/seasonal.webp","liu-kang_skin_seasonal.webp","No","Optional skin image for future skin selector."
"Skin","Liu Kang - premium","liu-kang","premium","public/assets/skins/liu-kang/premium.webp","liu-kang_skin_premium.webp","No","Optional skin image for future skin selector."
"Fighter","Scorpion","scorpion","Portrait","public/assets/fighters/scorpion/portrait.webp","scorpion_portrait.webp","Yes","Square portrait, recommended 768x768 or 1024x1024 WebP."
"Fighter","Scorpion","scorpion","FullBody","public/assets/fighters/scorpion/fullbody.webp","scorpion_fullbody.webp","Yes","Transparent/cut-out full-body render, recommended 1200x1600 WebP."
"Fighter","Scorpion","scorpion","Background","public/assets/fighters/scorpion/background.webp","scorpion_background.webp","Yes","Cinematic card background, recommended 1600x900 WebP."
"Fighter","Scorpion","scorpion","Model3D","public/assets/fighters/scorpion/model.glb","scorpion_model.glb","No","Optional GLB model for selected fighter detail screen."
"Skin","Scorpion - default","scorpion","default","public/assets/skins/scorpion/default.webp","scorpion_skin_default.webp","No","Optional skin image for future skin selector."
"Skin","Scorpion - klassic","scorpion","klassic","public/assets/skins/scorpion/klassic.webp","scorpion_skin_klassic.webp","No","Optional skin image for future skin selector."
"Skin","Scorpion - seasonal","scorpion","seasonal","public/assets/skins/scorpion/seasonal.webp","scorpion_skin_seasonal.webp","No","Optional skin image for future skin selector."
"Skin","Scorpion - premium","scorpion","premium","public/assets/skins/scorpion/premium.webp","scorpion_skin_premium.webp","No","Optional skin image for future skin selector."
"Fighter","Sub-Zero","sub-zero","Portrait","public/assets/fighters/sub-zero/portrait.webp","sub-zero_portrait.webp","Yes","Square portrait, recommended 768x768 or 1024x1024 WebP."
"Fighter","Sub-Zero","sub-zero","FullBody","public/assets/fighters/sub-zero/fullbody.webp","sub-zero_fullbody.webp","Yes","Transparent/cut-out full-body render, recommended 1200x1600 WebP."
"Fighter","Sub-Zero","sub-zero","Background","public/assets/fighters/sub-zero/background.webp","sub-zero_background.webp","Yes","Cinematic card background, recommended 1600x900 WebP."
"Fighter","Sub-Zero","sub-zero","Model3D","public/assets/fighters/sub-zero/model.glb","sub-zero_model.glb","No","Optional GLB model for selected fighter detail screen."
"Skin","Sub-Zero - default","sub-zero","default","public/assets/skins/sub-zero/default.webp","sub-zero_skin_default.webp","No","Optional skin image for future skin selector."
"Skin","Sub-Zero - klassic","sub-zero","klassic","public/assets/skins/sub-zero/klassic.webp","sub-zero_skin_klassic.webp","No","Optional skin image for future skin selector."
"Skin","Sub-Zero - seasonal","sub-zero","seasonal","public/assets/skins/sub-zero/seasonal.webp","sub-zero_skin_seasonal.webp","No","Optional skin image for future skin selector."
"Skin","Sub-Zero - premium","sub-zero","premium","public/assets/skins/sub-zero/premium.webp","sub-zero_skin_premium.webp","No","Optional skin image for future skin selector."
"Fighter","Raiden","raiden","Portrait","public/assets/fighters/raiden/portrait.webp","raiden_portrait.webp","Yes","Square portrait, recommended 768x768 or 1024x1024 WebP."
"Fighter","Raiden","raiden","FullBody","public/assets/fighters/raiden/fullbody.webp","raiden_fullbody.webp","Yes","Transparent/cut-out full-body render, recommended 1200x1600 WebP."
"Fighter","Raiden","raiden","Background","public/assets/fighters/raiden/background.webp","raiden_background.webp","Yes","Cinematic card background, recommended 1600x900 WebP."
"Fighter","Raiden","raiden","Model3D","public/assets/fighters/raiden/model.glb","raiden_model.glb","No","Optional GLB model for selected fighter detail screen."
"Skin","Raiden - default","raiden","default","public/assets/skins/raiden/default.webp","raiden_skin_default.webp","No","Optional skin image for future skin selector."
"Skin","Raiden - klassic","raiden","klassic","public/assets/skins/raiden/klassic.webp","raiden_skin_klassic.webp","No","Optional skin image for future skin selector."
"Skin","Raiden - seasonal","raiden","seasonal","public/assets/skins/raiden/seasonal.webp","raiden_skin_seasonal.webp","No","Optional skin image for future skin selector."
"Skin","Raiden - premium","raiden","premium","public/assets/skins/raiden/premium.webp","raiden_skin_premium.webp","No","Optional skin image for future skin selector."
"Fighter","Kung Lao","kung-lao","Portrait","public/assets/fighters/kung-lao/portrait.webp","kung-lao_portrait.webp","Yes","Square portrait, recommended 768x768 or 1024x1024 WebP."
"Fighter","Kung Lao","kung-lao","FullBody","public/assets/fighters/kung-lao/fullbody.webp","kung-lao_fullbody.webp","Yes","Transparent/cut-out full-body render, recommended 1200x1600 WebP."
"Fighter","Kung Lao","kung-lao","Background","public/assets/fighters/kung-lao/background.webp","kung-lao_background.webp","Yes","Cinematic card background, recommended 1600x900 WebP."
"Fighter","Kung Lao","kung-lao","Model3D","public/assets/fighters/kung-lao/model.glb","kung-lao_model.glb","No","Optional GLB model for selected fighter detail screen."
"Skin","Kung Lao - default","kung-lao","default","public/assets/skins/kung-lao/default.webp","kung-lao_skin_default.webp","No","Optional skin image for future skin selector."
"Skin","Kung Lao - klassic","kung-lao","klassic","public/assets/skins/kung-lao/klassic.webp","kung-lao_skin_klassic.webp","No","Optional skin image for future skin selector."
"Skin","Kung Lao - seasonal","kung-lao","seasonal","public/assets/skins/kung-lao/seasonal.webp","kung-lao_skin_seasonal.webp","No","Optional skin image for future skin selector."
"Skin","Kung Lao - premium","kung-lao","premium","public/assets/skins/kung-lao/premium.webp","kung-lao_skin_premium.webp","No","Optional skin image for future skin selector."
"Fighter","Kitana","kitana","Portrait","public/assets/fighters/kitana/portrait.webp","kitana_portrait.webp","Yes","Square portrait, recommended 768x768 or 1024x1024 WebP."
"Fighter","Kitana","kitana","FullBody","public/assets/fighters/kitana/fullbody.webp","kitana_fullbody.webp","Yes","Transparent/cut-out full-body render, recommended 1200x1600 WebP."
"Fighter","Kitana","kitana","Background","public/assets/fighters/kitana/background.webp","kitana_background.webp","Yes","Cinematic card background, recommended 1600x900 WebP."
"Fighter","Kitana","kitana","Model3D","public/assets/fighters/kitana/model.glb","kitana_model.glb","No","Optional GLB model for selected fighter detail screen."
"Skin","Kitana - default","kitana","default","public/assets/skins/kitana/default.webp","kitana_skin_default.webp","No","Optional skin image for future skin selector."
"Skin","Kitana - klassic","kitana","klassic","public/assets/skins/kitana/klassic.webp","kitana_skin_klassic.webp","No","Optional skin image for future skin selector."
"Skin","Kitana - seasonal","kitana","seasonal","public/assets/skins/kitana/seasonal.webp","kitana_skin_seasonal.webp","No","Optional skin image for future skin selector."
"Skin","Kitana - premium","kitana","premium","public/assets/skins/kitana/premium.webp","kitana_skin_premium.webp","No","Optional skin image for future skin selector."
"Fighter","Mileena","mileena","Portrait","public/assets/fighters/mileena/portrait.webp","mileena_portrait.webp","Yes","Square portrait, recommended 768x768 or 1024x1024 WebP."
"Fighter","Mileena","mileena","FullBody","public/assets/fighters/mileena/fullbody.webp","mileena_fullbody.webp","Yes","Transparent/cut-out full-body render, recommended 1200x1600 WebP."
"Fighter","Mileena","mileena","Background","public/assets/fighters/mileena/background.webp","mileena_background.webp","Yes","Cinematic card background, recommended 1600x900 WebP."
"Fighter","Mileena","mileena","Model3D","public/assets/fighters/mileena/model.glb","mileena_model.glb","No","Optional GLB model for selected fighter detail screen."
"Skin","Mileena - default","mileena","default","public/assets/skins/mileena/default.webp","mileena_skin_default.webp","No","Optional skin image for future skin selector."
"Skin","Mileena - klassic","mileena","klassic","public/assets/skins/mileena/klassic.webp","mileena_skin_klassic.webp","No","Optional skin image for future skin selector."
"Skin","Mileena - seasonal","mileena","seasonal","public/assets/skins/mileena/seasonal.webp","mileena_skin_seasonal.webp","No","Optional skin image for future skin selector."
"Skin","Mileena - premium","mileena","premium","public/assets/skins/mileena/premium.webp","mileena_skin_premium.webp","No","Optional skin image for future skin selector."
"Fighter","Johnny Cage","johnny-cage","Portrait","public/assets/fighters/johnny-cage/portrait.webp","johnny-cage_portrait.webp","Yes","Square portrait, recommended 768x768 or 1024x1024 WebP."
"Fighter","Johnny Cage","johnny-cage","FullBody","public/assets/fighters/johnny-cage/fullbody.webp","johnny-cage_fullbody.webp","Yes","Transparent/cut-out full-body render, recommended 1200x1600 WebP."
"Fighter","Johnny Cage","johnny-cage","Background","public/assets/fighters/johnny-cage/background.webp","johnny-cage_background.webp","Yes","Cinematic card background, recommended 1600x900 WebP."
"Fighter","Johnny Cage","johnny-cage","Model3D","public/assets/fighters/johnny-cage/model.glb","johnny-cage_model.glb","No","Optional GLB model for selected fighter detail screen."
"Skin","Johnny Cage - default","johnny-cage","default","public/assets/skins/johnny-cage/default.webp","johnny-cage_skin_default.webp","No","Optional skin image for future skin selector."
"Skin","Johnny Cage - klassic","johnny-cage","klassic","public/assets/skins/johnny-cage/klassic.webp","johnny-cage_skin_klassic.webp","No","Optional skin image for future skin selector."
"Skin","Johnny Cage - seasonal","johnny-cage","seasonal","public/assets/skins/johnny-cage/seasonal.webp","johnny-cage_skin_seasonal.webp","No","Optional skin image for future skin selector."
"Skin","Johnny Cage - premium","johnny-cage","premium","public/assets/skins/johnny-cage/premium.webp","johnny-cage_skin_premium.webp","No","Optional skin image for future skin selector."
"Fighter","Kenshi Takahashi","kenshi-takahashi","Portrait","public/assets/fighters/kenshi-takahashi/portrait.webp","kenshi-takahashi_portrait.webp","Yes","Square portrait, recommended 768x768 or 1024x1024 WebP."
"Fighter","Kenshi Takahashi","kenshi-takahashi","FullBody","public/assets/fighters/kenshi-takahashi/fullbody.webp","kenshi-takahashi_fullbody.webp","Yes","Transparent/cut-out full-body render, recommended 1200x1600 WebP."
"Fighter","Kenshi Takahashi","kenshi-takahashi","Background","public/assets/fighters/kenshi-takahashi/background.webp","kenshi-takahashi_background.webp","Yes","Cinematic card background, recommended 1600x900 WebP."
"Fighter","Kenshi Takahashi","kenshi-takahashi","Model3D","public/assets/fighters/kenshi-takahashi/model.glb","kenshi-takahashi_model.glb","No","Optional GLB model for selected fighter detail screen."
"Skin","Kenshi Takahashi - default","kenshi-takahashi","default","public/assets/skins/kenshi-takahashi/default.webp","kenshi-takahashi_skin_default.webp","No","Optional skin image for future skin selector."
"Skin","Kenshi Takahashi - klassic","kenshi-takahashi","klassic","public/assets/skins/kenshi-takahashi/klassic.webp","kenshi-takahashi_skin_klassic.webp","No","Optional skin image for future skin selector."
"Skin","Kenshi Takahashi - seasonal","kenshi-takahashi","seasonal","public/assets/skins/kenshi-takahashi/seasonal.webp","kenshi-takahashi_skin_seasonal.webp","No","Optional skin image for future skin selector."
"Skin","Kenshi Takahashi - premium","kenshi-takahashi","premium","public/assets/skins/kenshi-takahashi/premium.webp","kenshi-takahashi_skin_premium.webp","No","Optional skin image for future skin selector."
"Fighter","Smoke","smoke","Portrait","public/assets/fighters/smoke/portrait.webp","smoke_portrait.webp","Yes","Square portrait, recommended 768x768 or 1024x1024 WebP."
"Fighter","Smoke","smoke","FullBody","public/assets/fighters/smoke/fullbody.webp","smoke_fullbody.webp","Yes","Transparent/cut-out full-body render, recommended 1200x1600 WebP."
"Fighter","Smoke","smoke","Background","public/assets/fighters/smoke/background.webp","smoke_background.webp","Yes","Cinematic card background, recommended 1600x900 WebP."
"Fighter","Smoke","smoke","Model3D","public/assets/fighters/smoke/model.glb","smoke_model.glb","No","Optional GLB model for selected fighter detail screen."
"Skin","Smoke - default","smoke","default","public/assets/skins/smoke/default.webp","smoke_skin_default.webp","No","Optional skin image for future skin selector."
"Skin","Smoke - klassic","smoke","klassic","public/assets/skins/smoke/klassic.webp","smoke_skin_klassic.webp","No","Optional skin image for future skin selector."
"Skin","Smoke - seasonal","smoke","seasonal","public/assets/skins/smoke/seasonal.webp","smoke_skin_seasonal.webp","No","Optional skin image for future skin selector."
"Skin","Smoke - premium","smoke","premium","public/assets/skins/smoke/premium.webp","smoke_skin_premium.webp","No","Optional skin image for future skin selector."
"Fighter","Rain","rain","Portrait","public/assets/fighters/rain/portrait.webp","rain_portrait.webp","Yes","Square portrait, recommended 768x768 or 1024x1024 WebP."
"Fighter","Rain","rain","FullBody","public/assets/fighters/rain/fullbody.webp","rain_fullbody.webp","Yes","Transparent/cut-out full-body render, recommended 1200x1600 WebP."
"Fighter","Rain","rain","Background","public/assets/fighters/rain/background.webp","rain_background.webp","Yes","Cinematic card background, recommended 1600x900 WebP."
"Fighter","Rain","rain","Model3D","public/assets/fighters/rain/model.glb","rain_model.glb","No","Optional GLB model for selected fighter detail screen."
"Skin","Rain - default","rain","default","public/assets/skins/rain/default.webp","rain_skin_default.webp","No","Optional skin image for future skin selector."
"Skin","Rain - klassic","rain","klassic","public/assets/skins/rain/klassic.webp","rain_skin_klassic.webp","No","Optional skin image for future skin selector."
"Skin","Rain - seasonal","rain","seasonal","public/assets/skins/rain/seasonal.webp","rain_skin_seasonal.webp","No","Optional skin image for future skin selector."
"Skin","Rain - premium","rain","premium","public/assets/skins/rain/premium.webp","rain_skin_premium.webp","No","Optional skin image for future skin selector."
"Fighter","Li Mei","li-mei","Portrait","public/assets/fighters/li-mei/portrait.webp","li-mei_portrait.webp","Yes","Square portrait, recommended 768x768 or 1024x1024 WebP."
"Fighter","Li Mei","li-mei","FullBody","public/assets/fighters/li-mei/fullbody.webp","li-mei_fullbody.webp","Yes","Transparent/cut-out full-body render, recommended 1200x1600 WebP."
"Fighter","Li Mei","li-mei","Background","public/assets/fighters/li-mei/background.webp","li-mei_background.webp","Yes","Cinematic card background, recommended 1600x900 WebP."
"Fighter","Li Mei","li-mei","Model3D","public/assets/fighters/li-mei/model.glb","li-mei_model.glb","No","Optional GLB model for selected fighter detail screen."
"Skin","Li Mei - default","li-mei","default","public/assets/skins/li-mei/default.webp","li-mei_skin_default.webp","No","Optional skin image for future skin selector."
"Skin","Li Mei - klassic","li-mei","klassic","public/assets/skins/li-mei/klassic.webp","li-mei_skin_klassic.webp","No","Optional skin image for future skin selector."
"Skin","Li Mei - seasonal","li-mei","seasonal","public/assets/skins/li-mei/seasonal.webp","li-mei_skin_seasonal.webp","No","Optional skin image for future skin selector."
"Skin","Li Mei - premium","li-mei","premium","public/assets/skins/li-mei/premium.webp","li-mei_skin_premium.webp","No","Optional skin image for future skin selector."
"Fighter","Tanya","tanya","Portrait","public/assets/fighters/tanya/portrait.webp","tanya_portrait.webp","Yes","Square portrait, recommended 768x768 or 1024x1024 WebP."
"Fighter","Tanya","tanya","FullBody","public/assets/fighters/tanya/fullbody.webp","tanya_fullbody.webp","Yes","Transparent/cut-out full-body render, recommended 1200x1600 WebP."
"Fighter","Tanya","tanya","Background","public/assets/fighters/tanya/background.webp","tanya_background.webp","Yes","Cinematic card background, recommended 1600x900 WebP."
"Fighter","Tanya","tanya","Model3D","public/assets/fighters/tanya/model.glb","tanya_model.glb","No","Optional GLB model for selected fighter detail screen."
"Skin","Tanya - default","tanya","default","public/assets/skins/tanya/default.webp","tanya_skin_default.webp","No","Optional skin image for future skin selector."
"Skin","Tanya - klassic","tanya","klassic","public/assets/skins/tanya/klassic.webp","tanya_skin_klassic.webp","No","Optional skin image for future skin selector."
"Skin","Tanya - seasonal","tanya","seasonal","public/assets/skins/tanya/seasonal.webp","tanya_skin_seasonal.webp","No","Optional skin image for future skin selector."
"Skin","Tanya - premium","tanya","premium","public/assets/skins/tanya/premium.webp","tanya_skin_premium.webp","No","Optional skin image for future skin selector."
"Fighter","Baraka","baraka","Portrait","public/assets/fighters/baraka/portrait.webp","baraka_portrait.webp","Yes","Square portrait, recommended 768x768 or 1024x1024 WebP."
"Fighter","Baraka","baraka","FullBody","public/assets/fighters/baraka/fullbody.webp","baraka_fullbody.webp","Yes","Transparent/cut-out full-body render, recommended 1200x1600 WebP."
"Fighter","Baraka","baraka","Background","public/assets/fighters/baraka/background.webp","baraka_background.webp","Yes","Cinematic card background, recommended 1600x900 WebP."
"Fighter","Baraka","baraka","Model3D","public/assets/fighters/baraka/model.glb","baraka_model.glb","No","Optional GLB model for selected fighter detail screen."
"Skin","Baraka - default","baraka","default","public/assets/skins/baraka/default.webp","baraka_skin_default.webp","No","Optional skin image for future skin selector."
"Skin","Baraka - klassic","baraka","klassic","public/assets/skins/baraka/klassic.webp","baraka_skin_klassic.webp","No","Optional skin image for future skin selector."
"Skin","Baraka - seasonal","baraka","seasonal","public/assets/skins/baraka/seasonal.webp","baraka_skin_seasonal.webp","No","Optional skin image for future skin selector."
"Skin","Baraka - premium","baraka","premium","public/assets/skins/baraka/premium.webp","baraka_skin_premium.webp","No","Optional skin image for future skin selector."
"Fighter","Geras","geras","Portrait","public/assets/fighters/geras/portrait.webp","geras_portrait.webp","Yes","Square portrait, recommended 768x768 or 1024x1024 WebP."
"Fighter","Geras","geras","FullBody","public/assets/fighters/geras/fullbody.webp","geras_fullbody.webp","Yes","Transparent/cut-out full-body render, recommended 1200x1600 WebP."
"Fighter","Geras","geras","Background","public/assets/fighters/geras/background.webp","geras_background.webp","Yes","Cinematic card background, recommended 1600x900 WebP."
"Fighter","Geras","geras","Model3D","public/assets/fighters/geras/model.glb","geras_model.glb","No","Optional GLB model for selected fighter detail screen."
"Skin","Geras - default","geras","default","public/assets/skins/geras/default.webp","geras_skin_default.webp","No","Optional skin image for future skin selector."
"Skin","Geras - klassic","geras","klassic","public/assets/skins/geras/klassic.webp","geras_skin_klassic.webp","No","Optional skin image for future skin selector."
"Skin","Geras - seasonal","geras","seasonal","public/assets/skins/geras/seasonal.webp","geras_skin_seasonal.webp","No","Optional skin image for future skin selector."
"Skin","Geras - premium","geras","premium","public/assets/skins/geras/premium.webp","geras_skin_premium.webp","No","Optional skin image for future skin selector."
"Fighter","Reptile","reptile","Portrait","public/assets/fighters/reptile/portrait.webp","reptile_portrait.webp","Yes","Square portrait, recommended 768x768 or 1024x1024 WebP."
"Fighter","Reptile","reptile","FullBody","public/assets/fighters/reptile/fullbody.webp","reptile_fullbody.webp","Yes","Transparent/cut-out full-body render, recommended 1200x1600 WebP."
"Fighter","Reptile","reptile","Background","public/assets/fighters/reptile/background.webp","reptile_background.webp","Yes","Cinematic card background, recommended 1600x900 WebP."
"Fighter","Reptile","reptile","Model3D","public/assets/fighters/reptile/model.glb","reptile_model.glb","No","Optional GLB model for selected fighter detail screen."
"Skin","Reptile - default","reptile","default","public/assets/skins/reptile/default.webp","reptile_skin_default.webp","No","Optional skin image for future skin selector."
"Skin","Reptile - klassic","reptile","klassic","public/assets/skins/reptile/klassic.webp","reptile_skin_klassic.webp","No","Optional skin image for future skin selector."
"Skin","Reptile - seasonal","reptile","seasonal","public/assets/skins/reptile/seasonal.webp","reptile_skin_seasonal.webp","No","Optional skin image for future skin selector."
"Skin","Reptile - premium","reptile","premium","public/assets/skins/reptile/premium.webp","reptile_skin_premium.webp","No","Optional skin image for future skin selector."
"Fighter","Ashrah","ashrah","Portrait","public/assets/fighters/ashrah/portrait.webp","ashrah_portrait.webp","Yes","Square portrait, recommended 768x768 or 1024x1024 WebP."
"Fighter","Ashrah","ashrah","FullBody","public/assets/fighters/ashrah/fullbody.webp","ashrah_fullbody.webp","Yes","Transparent/cut-out full-body render, recommended 1200x1600 WebP."
"Fighter","Ashrah","ashrah","Background","public/assets/fighters/ashrah/background.webp","ashrah_background.webp","Yes","Cinematic card background, recommended 1600x900 WebP."
"Fighter","Ashrah","ashrah","Model3D","public/assets/fighters/ashrah/model.glb","ashrah_model.glb","No","Optional GLB model for selected fighter detail screen."
"Skin","Ashrah - default","ashrah","default","public/assets/skins/ashrah/default.webp","ashrah_skin_default.webp","No","Optional skin image for future skin selector."
"Skin","Ashrah - klassic","ashrah","klassic","public/assets/skins/ashrah/klassic.webp","ashrah_skin_klassic.webp","No","Optional skin image for future skin selector."
"Skin","Ashrah - seasonal","ashrah","seasonal","public/assets/skins/ashrah/seasonal.webp","ashrah_skin_seasonal.webp","No","Optional skin image for future skin selector."
"Skin","Ashrah - premium","ashrah","premium","public/assets/skins/ashrah/premium.webp","ashrah_skin_premium.webp","No","Optional skin image for future skin selector."
"Fighter","Havik","havik","Portrait","public/assets/fighters/havik/portrait.webp","havik_portrait.webp","Yes","Square portrait, recommended 768x768 or 1024x1024 WebP."
"Fighter","Havik","havik","FullBody","public/assets/fighters/havik/fullbody.webp","havik_fullbody.webp","Yes","Transparent/cut-out full-body render, recommended 1200x1600 WebP."
"Fighter","Havik","havik","Background","public/assets/fighters/havik/background.webp","havik_background.webp","Yes","Cinematic card background, recommended 1600x900 WebP."
"Fighter","Havik","havik","Model3D","public/assets/fighters/havik/model.glb","havik_model.glb","No","Optional GLB model for selected fighter detail screen."
"Skin","Havik - default","havik","default","public/assets/skins/havik/default.webp","havik_skin_default.webp","No","Optional skin image for future skin selector."
"Skin","Havik - klassic","havik","klassic","public/assets/skins/havik/klassic.webp","havik_skin_klassic.webp","No","Optional skin image for future skin selector."
"Skin","Havik - seasonal","havik","seasonal","public/assets/skins/havik/seasonal.webp","havik_skin_seasonal.webp","No","Optional skin image for future skin selector."
"Skin","Havik - premium","havik","premium","public/assets/skins/havik/premium.webp","havik_skin_premium.webp","No","Optional skin image for future skin selector."
"Fighter","General Shao","general-shao","Portrait","public/assets/fighters/general-shao/portrait.webp","general-shao_portrait.webp","Yes","Square portrait, recommended 768x768 or 1024x1024 WebP."
"Fighter","General Shao","general-shao","FullBody","public/assets/fighters/general-shao/fullbody.webp","general-shao_fullbody.webp","Yes","Transparent/cut-out full-body render, recommended 1200x1600 WebP."
"Fighter","General Shao","general-shao","Background","public/assets/fighters/general-shao/background.webp","general-shao_background.webp","Yes","Cinematic card background, recommended 1600x900 WebP."
"Fighter","General Shao","general-shao","Model3D","public/assets/fighters/general-shao/model.glb","general-shao_model.glb","No","Optional GLB model for selected fighter detail screen."
"Skin","General Shao - default","general-shao","default","public/assets/skins/general-shao/default.webp","general-shao_skin_default.webp","No","Optional skin image for future skin selector."
"Skin","General Shao - klassic","general-shao","klassic","public/assets/skins/general-shao/klassic.webp","general-shao_skin_klassic.webp","No","Optional skin image for future skin selector."
"Skin","General Shao - seasonal","general-shao","seasonal","public/assets/skins/general-shao/seasonal.webp","general-shao_skin_seasonal.webp","No","Optional skin image for future skin selector."
"Skin","General Shao - premium","general-shao","premium","public/assets/skins/general-shao/premium.webp","general-shao_skin_premium.webp","No","Optional skin image for future skin selector."
"Fighter","Sindel","sindel","Portrait","public/assets/fighters/sindel/portrait.webp","sindel_portrait.webp","Yes","Square portrait, recommended 768x768 or 1024x1024 WebP."
"Fighter","Sindel","sindel","FullBody","public/assets/fighters/sindel/fullbody.webp","sindel_fullbody.webp","Yes","Transparent/cut-out full-body render, recommended 1200x1600 WebP."
"Fighter","Sindel","sindel","Background","public/assets/fighters/sindel/background.webp","sindel_background.webp","Yes","Cinematic card background, recommended 1600x900 WebP."
"Fighter","Sindel","sindel","Model3D","public/assets/fighters/sindel/model.glb","sindel_model.glb","No","Optional GLB model for selected fighter detail screen."
"Skin","Sindel - default","sindel","default","public/assets/skins/sindel/default.webp","sindel_skin_default.webp","No","Optional skin image for future skin selector."
"Skin","Sindel - klassic","sindel","klassic","public/assets/skins/sindel/klassic.webp","sindel_skin_klassic.webp","No","Optional skin image for future skin selector."
"Skin","Sindel - seasonal","sindel","seasonal","public/assets/skins/sindel/seasonal.webp","sindel_skin_seasonal.webp","No","Optional skin image for future skin selector."
"Skin","Sindel - premium","sindel","premium","public/assets/skins/sindel/premium.webp","sindel_skin_premium.webp","No","Optional skin image for future skin selector."
"Fighter","Reiko","reiko","Portrait","public/assets/fighters/reiko/portrait.webp","reiko_portrait.webp","Yes","Square portrait, recommended 768x768 or 1024x1024 WebP."
"Fighter","Reiko","reiko","FullBody","public/assets/fighters/reiko/fullbody.webp","reiko_fullbody.webp","Yes","Transparent/cut-out full-body render, recommended 1200x1600 WebP."
"Fighter","Reiko","reiko","Background","public/assets/fighters/reiko/background.webp","reiko_background.webp","Yes","Cinematic card background, recommended 1600x900 WebP."
"Fighter","Reiko","reiko","Model3D","public/assets/fighters/reiko/model.glb","reiko_model.glb","No","Optional GLB model for selected fighter detail screen."
"Skin","Reiko - default","reiko","default","public/assets/skins/reiko/default.webp","reiko_skin_default.webp","No","Optional skin image for future skin selector."
"Skin","Reiko - klassic","reiko","klassic","public/assets/skins/reiko/klassic.webp","reiko_skin_klassic.webp","No","Optional skin image for future skin selector."
"Skin","Reiko - seasonal","reiko","seasonal","public/assets/skins/reiko/seasonal.webp","reiko_skin_seasonal.webp","No","Optional skin image for future skin selector."
"Skin","Reiko - premium","reiko","premium","public/assets/skins/reiko/premium.webp","reiko_skin_premium.webp","No","Optional skin image for future skin selector."
"Fighter","Nitara","nitara","Portrait","public/assets/fighters/nitara/portrait.webp","nitara_portrait.webp","Yes","Square portrait, recommended 768x768 or 1024x1024 WebP."
"Fighter","Nitara","nitara","FullBody","public/assets/fighters/nitara/fullbody.webp","nitara_fullbody.webp","Yes","Transparent/cut-out full-body render, recommended 1200x1600 WebP."
"Fighter","Nitara","nitara","Background","public/assets/fighters/nitara/background.webp","nitara_background.webp","Yes","Cinematic card background, recommended 1600x900 WebP."
"Fighter","Nitara","nitara","Model3D","public/assets/fighters/nitara/model.glb","nitara_model.glb","No","Optional GLB model for selected fighter detail screen."
"Skin","Nitara - default","nitara","default","public/assets/skins/nitara/default.webp","nitara_skin_default.webp","No","Optional skin image for future skin selector."
"Skin","Nitara - klassic","nitara","klassic","public/assets/skins/nitara/klassic.webp","nitara_skin_klassic.webp","No","Optional skin image for future skin selector."
"Skin","Nitara - seasonal","nitara","seasonal","public/assets/skins/nitara/seasonal.webp","nitara_skin_seasonal.webp","No","Optional skin image for future skin selector."
"Skin","Nitara - premium","nitara","premium","public/assets/skins/nitara/premium.webp","nitara_skin_premium.webp","No","Optional skin image for future skin selector."
"Fighter","Shang Tsung","shang-tsung","Portrait","public/assets/fighters/shang-tsung/portrait.webp","shang-tsung_portrait.webp","Yes","Square portrait, recommended 768x768 or 1024x1024 WebP."
"Fighter","Shang Tsung","shang-tsung","FullBody","public/assets/fighters/shang-tsung/fullbody.webp","shang-tsung_fullbody.webp","Yes","Transparent/cut-out full-body render, recommended 1200x1600 WebP."
"Fighter","Shang Tsung","shang-tsung","Background","public/assets/fighters/shang-tsung/background.webp","shang-tsung_background.webp","Yes","Cinematic card background, recommended 1600x900 WebP."
"Fighter","Shang Tsung","shang-tsung","Model3D","public/assets/fighters/shang-tsung/model.glb","shang-tsung_model.glb","No","Optional GLB model for selected fighter detail screen."
"Skin","Shang Tsung - default","shang-tsung","default","public/assets/skins/shang-tsung/default.webp","shang-tsung_skin_default.webp","No","Optional skin image for future skin selector."
"Skin","Shang Tsung - klassic","shang-tsung","klassic","public/assets/skins/shang-tsung/klassic.webp","shang-tsung_skin_klassic.webp","No","Optional skin image for future skin selector."
"Skin","Shang Tsung - seasonal","shang-tsung","seasonal","public/assets/skins/shang-tsung/seasonal.webp","shang-tsung_skin_seasonal.webp","No","Optional skin image for future skin selector."
"Skin","Shang Tsung - premium","shang-tsung","premium","public/assets/skins/shang-tsung/premium.webp","shang-tsung_skin_premium.webp","No","Optional skin image for future skin selector."
"Fighter","Quan Chi","quan-chi","Portrait","public/assets/fighters/quan-chi/portrait.webp","quan-chi_portrait.webp","Yes","Square portrait, recommended 768x768 or 1024x1024 WebP."
"Fighter","Quan Chi","quan-chi","FullBody","public/assets/fighters/quan-chi/fullbody.webp","quan-chi_fullbody.webp","Yes","Transparent/cut-out full-body render, recommended 1200x1600 WebP."
"Fighter","Quan Chi","quan-chi","Background","public/assets/fighters/quan-chi/background.webp","quan-chi_background.webp","Yes","Cinematic card background, recommended 1600x900 WebP."
"Fighter","Quan Chi","quan-chi","Model3D","public/assets/fighters/quan-chi/model.glb","quan-chi_model.glb","No","Optional GLB model for selected fighter detail screen."
"Skin","Quan Chi - default","quan-chi","default","public/assets/skins/quan-chi/default.webp","quan-chi_skin_default.webp","No","Optional skin image for future skin selector."
"Skin","Quan Chi - klassic","quan-chi","klassic","public/assets/skins/quan-chi/klassic.webp","quan-chi_skin_klassic.webp","No","Optional skin image for future skin selector."
"Skin","Quan Chi - seasonal","quan-chi","seasonal","public/assets/skins/quan-chi/seasonal.webp","quan-chi_skin_seasonal.webp","No","Optional skin image for future skin selector."
"Skin","Quan Chi - premium","quan-chi","premium","public/assets/skins/quan-chi/premium.webp","quan-chi_skin_premium.webp","No","Optional skin image for future skin selector."
"Fighter","Ermac","ermac","Portrait","public/assets/fighters/ermac/portrait.webp","ermac_portrait.webp","Yes","Square portrait, recommended 768x768 or 1024x1024 WebP."
"Fighter","Ermac","ermac","FullBody","public/assets/fighters/ermac/fullbody.webp","ermac_fullbody.webp","Yes","Transparent/cut-out full-body render, recommended 1200x1600 WebP."
"Fighter","Ermac","ermac","Background","public/assets/fighters/ermac/background.webp","ermac_background.webp","Yes","Cinematic card background, recommended 1600x900 WebP."
"Fighter","Ermac","ermac","Model3D","public/assets/fighters/ermac/model.glb","ermac_model.glb","No","Optional GLB model for selected fighter detail screen."
"Skin","Ermac - default","ermac","default","public/assets/skins/ermac/default.webp","ermac_skin_default.webp","No","Optional skin image for future skin selector."
"Skin","Ermac - klassic","ermac","klassic","public/assets/skins/ermac/klassic.webp","ermac_skin_klassic.webp","No","Optional skin image for future skin selector."
"Skin","Ermac - seasonal","ermac","seasonal","public/assets/skins/ermac/seasonal.webp","ermac_skin_seasonal.webp","No","Optional skin image for future skin selector."
"Skin","Ermac - premium","ermac","premium","public/assets/skins/ermac/premium.webp","ermac_skin_premium.webp","No","Optional skin image for future skin selector."
"Fighter","Takeda Takahashi","takeda-takahashi","Portrait","public/assets/fighters/takeda-takahashi/portrait.webp","takeda-takahashi_portrait.webp","Yes","Square portrait, recommended 768x768 or 1024x1024 WebP."
"Fighter","Takeda Takahashi","takeda-takahashi","FullBody","public/assets/fighters/takeda-takahashi/fullbody.webp","takeda-takahashi_fullbody.webp","Yes","Transparent/cut-out full-body render, recommended 1200x1600 WebP."
"Fighter","Takeda Takahashi","takeda-takahashi","Background","public/assets/fighters/takeda-takahashi/background.webp","takeda-takahashi_background.webp","Yes","Cinematic card background, recommended 1600x900 WebP."
"Fighter","Takeda Takahashi","takeda-takahashi","Model3D","public/assets/fighters/takeda-takahashi/model.glb","takeda-takahashi_model.glb","No","Optional GLB model for selected fighter detail screen."
"Skin","Takeda Takahashi - default","takeda-takahashi","default","public/assets/skins/takeda-takahashi/default.webp","takeda-takahashi_skin_default.webp","No","Optional skin image for future skin selector."
"Skin","Takeda Takahashi - klassic","takeda-takahashi","klassic","public/assets/skins/takeda-takahashi/klassic.webp","takeda-takahashi_skin_klassic.webp","No","Optional skin image for future skin selector."
"Skin","Takeda Takahashi - seasonal","takeda-takahashi","seasonal","public/assets/skins/takeda-takahashi/seasonal.webp","takeda-takahashi_skin_seasonal.webp","No","Optional skin image for future skin selector."
"Skin","Takeda Takahashi - premium","takeda-takahashi","premium","public/assets/skins/takeda-takahashi/premium.webp","takeda-takahashi_skin_premium.webp","No","Optional skin image for future skin selector."
"Fighter","Omni-Man","omni-man","Portrait","public/assets/fighters/omni-man/portrait.webp","omni-man_portrait.webp","Yes","Square portrait, recommended 768x768 or 1024x1024 WebP."
"Fighter","Omni-Man","omni-man","FullBody","public/assets/fighters/omni-man/fullbody.webp","omni-man_fullbody.webp","Yes","Transparent/cut-out full-body render, recommended 1200x1600 WebP."
"Fighter","Omni-Man","omni-man","Background","public/assets/fighters/omni-man/background.webp","omni-man_background.webp","Yes","Cinematic card background, recommended 1600x900 WebP."
"Fighter","Omni-Man","omni-man","Model3D","public/assets/fighters/omni-man/model.glb","omni-man_model.glb","No","Optional GLB model for selected fighter detail screen."
"Skin","Omni-Man - default","omni-man","default","public/assets/skins/omni-man/default.webp","omni-man_skin_default.webp","No","Optional skin image for future skin selector."
"Skin","Omni-Man - klassic","omni-man","klassic","public/assets/skins/omni-man/klassic.webp","omni-man_skin_klassic.webp","No","Optional skin image for future skin selector."
"Skin","Omni-Man - seasonal","omni-man","seasonal","public/assets/skins/omni-man/seasonal.webp","omni-man_skin_seasonal.webp","No","Optional skin image for future skin selector."
"Skin","Omni-Man - premium","omni-man","premium","public/assets/skins/omni-man/premium.webp","omni-man_skin_premium.webp","No","Optional skin image for future skin selector."
"Fighter","Peacemaker","peacemaker","Portrait","public/assets/fighters/peacemaker/portrait.webp","peacemaker_portrait.webp","Yes","Square portrait, recommended 768x768 or 1024x1024 WebP."
"Fighter","Peacemaker","peacemaker","FullBody","public/assets/fighters/peacemaker/fullbody.webp","peacemaker_fullbody.webp","Yes","Transparent/cut-out full-body render, recommended 1200x1600 WebP."
"Fighter","Peacemaker","peacemaker","Background","public/assets/fighters/peacemaker/background.webp","peacemaker_background.webp","Yes","Cinematic card background, recommended 1600x900 WebP."
"Fighter","Peacemaker","peacemaker","Model3D","public/assets/fighters/peacemaker/model.glb","peacemaker_model.glb","No","Optional GLB model for selected fighter detail screen."
"Skin","Peacemaker - default","peacemaker","default","public/assets/skins/peacemaker/default.webp","peacemaker_skin_default.webp","No","Optional skin image for future skin selector."
"Skin","Peacemaker - klassic","peacemaker","klassic","public/assets/skins/peacemaker/klassic.webp","peacemaker_skin_klassic.webp","No","Optional skin image for future skin selector."
"Skin","Peacemaker - seasonal","peacemaker","seasonal","public/assets/skins/peacemaker/seasonal.webp","peacemaker_skin_seasonal.webp","No","Optional skin image for future skin selector."
"Skin","Peacemaker - premium","peacemaker","premium","public/assets/skins/peacemaker/premium.webp","peacemaker_skin_premium.webp","No","Optional skin image for future skin selector."
"Fighter","Homelander","homelander","Portrait","public/assets/fighters/homelander/portrait.webp","homelander_portrait.webp","Yes","Square portrait, recommended 768x768 or 1024x1024 WebP."
"Fighter","Homelander","homelander","FullBody","public/assets/fighters/homelander/fullbody.webp","homelander_fullbody.webp","Yes","Transparent/cut-out full-body render, recommended 1200x1600 WebP."
"Fighter","Homelander","homelander","Background","public/assets/fighters/homelander/background.webp","homelander_background.webp","Yes","Cinematic card background, recommended 1600x900 WebP."
"Fighter","Homelander","homelander","Model3D","public/assets/fighters/homelander/model.glb","homelander_model.glb","No","Optional GLB model for selected fighter detail screen."
"Skin","Homelander - default","homelander","default","public/assets/skins/homelander/default.webp","homelander_skin_default.webp","No","Optional skin image for future skin selector."
"Skin","Homelander - klassic","homelander","klassic","public/assets/skins/homelander/klassic.webp","homelander_skin_klassic.webp","No","Optional skin image for future skin selector."
"Skin","Homelander - seasonal","homelander","seasonal","public/assets/skins/homelander/seasonal.webp","homelander_skin_seasonal.webp","No","Optional skin image for future skin selector."
"Skin","Homelander - premium","homelander","premium","public/assets/skins/homelander/premium.webp","homelander_skin_premium.webp","No","Optional skin image for future skin selector."
"Fighter","Cyrax","cyrax","Portrait","public/assets/fighters/cyrax/portrait.webp","cyrax_portrait.webp","Yes","Square portrait, recommended 768x768 or 1024x1024 WebP."
"Fighter","Cyrax","cyrax","FullBody","public/assets/fighters/cyrax/fullbody.webp","cyrax_fullbody.webp","Yes","Transparent/cut-out full-body render, recommended 1200x1600 WebP."
"Fighter","Cyrax","cyrax","Background","public/assets/fighters/cyrax/background.webp","cyrax_background.webp","Yes","Cinematic card background, recommended 1600x900 WebP."
"Fighter","Cyrax","cyrax","Model3D","public/assets/fighters/cyrax/model.glb","cyrax_model.glb","No","Optional GLB model for selected fighter detail screen."
"Skin","Cyrax - default","cyrax","default","public/assets/skins/cyrax/default.webp","cyrax_skin_default.webp","No","Optional skin image for future skin selector."
"Skin","Cyrax - klassic","cyrax","klassic","public/assets/skins/cyrax/klassic.webp","cyrax_skin_klassic.webp","No","Optional skin image for future skin selector."
"Skin","Cyrax - seasonal","cyrax","seasonal","public/assets/skins/cyrax/seasonal.webp","cyrax_skin_seasonal.webp","No","Optional skin image for future skin selector."
"Skin","Cyrax - premium","cyrax","premium","public/assets/skins/cyrax/premium.webp","cyrax_skin_premium.webp","No","Optional skin image for future skin selector."
"Fighter","Sektor","sektor","Portrait","public/assets/fighters/sektor/portrait.webp","sektor_portrait.webp","Yes","Square portrait, recommended 768x768 or 1024x1024 WebP."
"Fighter","Sektor","sektor","FullBody","public/assets/fighters/sektor/fullbody.webp","sektor_fullbody.webp","Yes","Transparent/cut-out full-body render, recommended 1200x1600 WebP."
"Fighter","Sektor","sektor","Background","public/assets/fighters/sektor/background.webp","sektor_background.webp","Yes","Cinematic card background, recommended 1600x900 WebP."
"Fighter","Sektor","sektor","Model3D","public/assets/fighters/sektor/model.glb","sektor_model.glb","No","Optional GLB model for selected fighter detail screen."
"Skin","Sektor - default","sektor","default","public/assets/skins/sektor/default.webp","sektor_skin_default.webp","No","Optional skin image for future skin selector."
"Skin","Sektor - klassic","sektor","klassic","public/assets/skins/sektor/klassic.webp","sektor_skin_klassic.webp","No","Optional skin image for future skin selector."
"Skin","Sektor - seasonal","sektor","seasonal","public/assets/skins/sektor/seasonal.webp","sektor_skin_seasonal.webp","No","Optional skin image for future skin selector."
"Skin","Sektor - premium","sektor","premium","public/assets/skins/sektor/premium.webp","sektor_skin_premium.webp","No","Optional skin image for future skin selector."
"Fighter","Noob Saibot","noob-saibot","Portrait","public/assets/fighters/noob-saibot/portrait.webp","noob-saibot_portrait.webp","Yes","Square portrait, recommended 768x768 or 1024x1024 WebP."
"Fighter","Noob Saibot","noob-saibot","FullBody","public/assets/fighters/noob-saibot/fullbody.webp","noob-saibot_fullbody.webp","Yes","Transparent/cut-out full-body render, recommended 1200x1600 WebP."
"Fighter","Noob Saibot","noob-saibot","Background","public/assets/fighters/noob-saibot/background.webp","noob-saibot_background.webp","Yes","Cinematic card background, recommended 1600x900 WebP."
"Fighter","Noob Saibot","noob-saibot","Model3D","public/assets/fighters/noob-saibot/model.glb","noob-saibot_model.glb","No","Optional GLB model for selected fighter detail screen."
"Skin","Noob Saibot - default","noob-saibot","default","public/assets/skins/noob-saibot/default.webp","noob-saibot_skin_default.webp","No","Optional skin image for future skin selector."
"Skin","Noob Saibot - klassic","noob-saibot","klassic","public/assets/skins/noob-saibot/klassic.webp","noob-saibot_skin_klassic.webp","No","Optional skin image for future skin selector."
"Skin","Noob Saibot - seasonal","noob-saibot","seasonal","public/assets/skins/noob-saibot/seasonal.webp","noob-saibot_skin_seasonal.webp","No","Optional skin image for future skin selector."
"Skin","Noob Saibot - premium","noob-saibot","premium","public/assets/skins/noob-saibot/premium.webp","noob-saibot_skin_premium.webp","No","Optional skin image for future skin selector."
"Fighter","Ghostface","ghostface","Portrait","public/assets/fighters/ghostface/portrait.webp","ghostface_portrait.webp","Yes","Square portrait, recommended 768x768 or 1024x1024 WebP."
"Fighter","Ghostface","ghostface","FullBody","public/assets/fighters/ghostface/fullbody.webp","ghostface_fullbody.webp","Yes","Transparent/cut-out full-body render, recommended 1200x1600 WebP."
"Fighter","Ghostface","ghostface","Background","public/assets/fighters/ghostface/background.webp","ghostface_background.webp","Yes","Cinematic card background, recommended 1600x900 WebP."
"Fighter","Ghostface","ghostface","Model3D","public/assets/fighters/ghostface/model.glb","ghostface_model.glb","No","Optional GLB model for selected fighter detail screen."
"Skin","Ghostface - default","ghostface","default","public/assets/skins/ghostface/default.webp","ghostface_skin_default.webp","No","Optional skin image for future skin selector."
"Skin","Ghostface - klassic","ghostface","klassic","public/assets/skins/ghostface/klassic.webp","ghostface_skin_klassic.webp","No","Optional skin image for future skin selector."
"Skin","Ghostface - seasonal","ghostface","seasonal","public/assets/skins/ghostface/seasonal.webp","ghostface_skin_seasonal.webp","No","Optional skin image for future skin selector."
"Skin","Ghostface - premium","ghostface","premium","public/assets/skins/ghostface/premium.webp","ghostface_skin_premium.webp","No","Optional skin image for future skin selector."
"Fighter","Conan the Barbarian","conan-the-barbarian","Portrait","public/assets/fighters/conan-the-barbarian/portrait.webp","conan-the-barbarian_portrait.webp","Yes","Square portrait, recommended 768x768 or 1024x1024 WebP."
"Fighter","Conan the Barbarian","conan-the-barbarian","FullBody","public/assets/fighters/conan-the-barbarian/fullbody.webp","conan-the-barbarian_fullbody.webp","Yes","Transparent/cut-out full-body render, recommended 1200x1600 WebP."
"Fighter","Conan the Barbarian","conan-the-barbarian","Background","public/assets/fighters/conan-the-barbarian/background.webp","conan-the-barbarian_background.webp","Yes","Cinematic card background, recommended 1600x900 WebP."
"Fighter","Conan the Barbarian","conan-the-barbarian","Model3D","public/assets/fighters/conan-the-barbarian/model.glb","conan-the-barbarian_model.glb","No","Optional GLB model for selected fighter detail screen."
"Skin","Conan the Barbarian - default","conan-the-barbarian","default","public/assets/skins/conan-the-barbarian/default.webp","conan-the-barbarian_skin_default.webp","No","Optional skin image for future skin selector."
"Skin","Conan the Barbarian - klassic","conan-the-barbarian","klassic","public/assets/skins/conan-the-barbarian/klassic.webp","conan-the-barbarian_skin_klassic.webp","No","Optional skin image for future skin selector."
"Skin","Conan the Barbarian - seasonal","conan-the-barbarian","seasonal","public/assets/skins/conan-the-barbarian/seasonal.webp","conan-the-barbarian_skin_seasonal.webp","No","Optional skin image for future skin selector."
"Skin","Conan the Barbarian - premium","conan-the-barbarian","premium","public/assets/skins/conan-the-barbarian/premium.webp","conan-the-barbarian_skin_premium.webp","No","Optional skin image for future skin selector."
"Fighter","T-1000 Terminator","t-1000-terminator","Portrait","public/assets/fighters/t-1000-terminator/portrait.webp","t-1000-terminator_portrait.webp","Yes","Square portrait, recommended 768x768 or 1024x1024 WebP."
"Fighter","T-1000 Terminator","t-1000-terminator","FullBody","public/assets/fighters/t-1000-terminator/fullbody.webp","t-1000-terminator_fullbody.webp","Yes","Transparent/cut-out full-body render, recommended 1200x1600 WebP."
"Fighter","T-1000 Terminator","t-1000-terminator","Background","public/assets/fighters/t-1000-terminator/background.webp","t-1000-terminator_background.webp","Yes","Cinematic card background, recommended 1600x900 WebP."
"Fighter","T-1000 Terminator","t-1000-terminator","Model3D","public/assets/fighters/t-1000-terminator/model.glb","t-1000-terminator_model.glb","No","Optional GLB model for selected fighter detail screen."
"Skin","T-1000 Terminator - default","t-1000-terminator","default","public/assets/skins/t-1000-terminator/default.webp","t-1000-terminator_skin_default.webp","No","Optional skin image for future skin selector."
"Skin","T-1000 Terminator - klassic","t-1000-terminator","klassic","public/assets/skins/t-1000-terminator/klassic.webp","t-1000-terminator_skin_klassic.webp","No","Optional skin image for future skin selector."
"Skin","T-1000 Terminator - seasonal","t-1000-terminator","seasonal","public/assets/skins/t-1000-terminator/seasonal.webp","t-1000-terminator_skin_seasonal.webp","No","Optional skin image for future skin selector."
"Skin","T-1000 Terminator - premium","t-1000-terminator","premium","public/assets/skins/t-1000-terminator/premium.webp","t-1000-terminator_skin_premium.webp","No","Optional skin image for future skin selector."
"Kameo","Sub-Zero","sub-zero","Portrait","public/assets/kameos/sub-zero/portrait.webp","kameo_sub-zero_portrait.webp","Yes","Kameo portrait, recommended 512x512 WebP."
"Kameo","Shujinko","shujinko","Portrait","public/assets/kameos/shujinko/portrait.webp","kameo_shujinko_portrait.webp","Yes","Kameo portrait, recommended 512x512 WebP."
"Kameo","Scorpion","scorpion","Portrait","public/assets/kameos/scorpion/portrait.webp","kameo_scorpion_portrait.webp","Yes","Kameo portrait, recommended 512x512 WebP."
"Kameo","Motaro","motaro","Portrait","public/assets/kameos/motaro/portrait.webp","kameo_motaro_portrait.webp","Yes","Kameo portrait, recommended 512x512 WebP."
"Kameo","Kung Lao","kung-lao","Portrait","public/assets/kameos/kung-lao/portrait.webp","kameo_kung-lao_portrait.webp","Yes","Kameo portrait, recommended 512x512 WebP."
"Kameo","Cyrax","cyrax","Portrait","public/assets/kameos/cyrax/portrait.webp","kameo_cyrax_portrait.webp","Yes","Kameo portrait, recommended 512x512 WebP."
"Kameo","Frost","frost","Portrait","public/assets/kameos/frost/portrait.webp","kameo_frost_portrait.webp","Yes","Kameo portrait, recommended 512x512 WebP."
"Kameo","Goro","goro","Portrait","public/assets/kameos/goro/portrait.webp","kameo_goro_portrait.webp","Yes","Kameo portrait, recommended 512x512 WebP."
"Kameo","Jax","jax","Portrait","public/assets/kameos/jax/portrait.webp","kameo_jax_portrait.webp","Yes","Kameo portrait, recommended 512x512 WebP."
"Kameo","Kano","kano","Portrait","public/assets/kameos/kano/portrait.webp","kameo_kano_portrait.webp","Yes","Kameo portrait, recommended 512x512 WebP."
"Kameo","Darrius","darrius","Portrait","public/assets/kameos/darrius/portrait.webp","kameo_darrius_portrait.webp","Yes","Kameo portrait, recommended 512x512 WebP."
"Kameo","Sareena","sareena","Portrait","public/assets/kameos/sareena/portrait.webp","kameo_sareena_portrait.webp","Yes","Kameo portrait, recommended 512x512 WebP."
"Kameo","Sektor","sektor","Portrait","public/assets/kameos/sektor/portrait.webp","kameo_sektor_portrait.webp","Yes","Kameo portrait, recommended 512x512 WebP."
"Kameo","Sonya","sonya","Portrait","public/assets/kameos/sonya/portrait.webp","kameo_sonya_portrait.webp","Yes","Kameo portrait, recommended 512x512 WebP."
"Kameo","Stryker","stryker","Portrait","public/assets/kameos/stryker/portrait.webp","kameo_stryker_portrait.webp","Yes","Kameo portrait, recommended 512x512 WebP."
"Kameo","Tremor","tremor","Portrait","public/assets/kameos/tremor/portrait.webp","kameo_tremor_portrait.webp","Yes","Kameo portrait, recommended 512x512 WebP."
"Kameo","Khameleon","khameleon","Portrait","public/assets/kameos/khameleon/portrait.webp","kameo_khameleon_portrait.webp","Yes","Kameo portrait, recommended 512x512 WebP."
"Kameo","Janet Cage","janet-cage","Portrait","public/assets/kameos/janet-cage/portrait.webp","kameo_janet-cage_portrait.webp","Yes","Kameo portrait, recommended 512x512 WebP."
"Kameo","Mavado","mavado","Portrait","public/assets/kameos/mavado/portrait.webp","kameo_mavado_portrait.webp","Yes","Kameo portrait, recommended 512x512 WebP."
"Kameo","Ferra","ferra","Portrait","public/assets/kameos/ferra/portrait.webp","kameo_ferra_portrait.webp","Yes","Kameo portrait, recommended 512x512 WebP."
"Kameo","Madam Bo","madam-bo","Portrait","public/assets/kameos/madam-bo/portrait.webp","kameo_madam-bo_portrait.webp","Yes","Kameo portrait, recommended 512x512 WebP."
"Arena","Fire Temple","fire-temple","Background","public/assets/arenas/fire-temple/background.webp","arena_fire-temple_background.webp","No","Optional arena hero/background, recommended 1600x900 WebP."
"Arena","Fire Temple","fire-temple","Thumbnail","public/assets/arenas/fire-temple/thumbnail.webp","arena_fire-temple_thumbnail.webp","No","Optional arena thumbnail, recommended 600x340 WebP."
"Arena","Wu Shi Academy","wu-shi-academy","Background","public/assets/arenas/wu-shi-academy/background.webp","arena_wu-shi-academy_background.webp","No","Optional arena hero/background, recommended 1600x900 WebP."
"Arena","Wu Shi Academy","wu-shi-academy","Thumbnail","public/assets/arenas/wu-shi-academy/thumbnail.webp","arena_wu-shi-academy_thumbnail.webp","No","Optional arena thumbnail, recommended 600x340 WebP."
"Arena","The Hourglass","the-hourglass","Background","public/assets/arenas/the-hourglass/background.webp","arena_the-hourglass_background.webp","No","Optional arena hero/background, recommended 1600x900 WebP."
"Arena","The Hourglass","the-hourglass","Thumbnail","public/assets/arenas/the-hourglass/thumbnail.webp","arena_the-hourglass_thumbnail.webp","No","Optional arena thumbnail, recommended 600x340 WebP."
"Arena","Outworld Palace","outworld-palace","Background","public/assets/arenas/outworld-palace/background.webp","arena_outworld-palace_background.webp","No","Optional arena hero/background, recommended 1600x900 WebP."
"Arena","Outworld Palace","outworld-palace","Thumbnail","public/assets/arenas/outworld-palace/thumbnail.webp","arena_outworld-palace_thumbnail.webp","No","Optional arena thumbnail, recommended 600x340 WebP."
"Arena","Living Forest","living-forest","Background","public/assets/arenas/living-forest/background.webp","arena_living-forest_background.webp","No","Optional arena hero/background, recommended 1600x900 WebP."
"Arena","Living Forest","living-forest","Thumbnail","public/assets/arenas/living-forest/thumbnail.webp","arena_living-forest_thumbnail.webp","No","Optional arena thumbnail, recommended 600x340 WebP."
"Arena","Tarkatan Colony","tarkatan-colony","Background","public/assets/arenas/tarkatan-colony/background.webp","arena_tarkatan-colony_background.webp","No","Optional arena hero/background, recommended 1600x900 WebP."
"Arena","Tarkatan Colony","tarkatan-colony","Thumbnail","public/assets/arenas/tarkatan-colony/thumbnail.webp","arena_tarkatan-colony_thumbnail.webp","No","Optional arena thumbnail, recommended 600x340 WebP."
"Arena","Shirai Ryu Fire Garden","shirai-ryu-fire-garden","Background","public/assets/arenas/shirai-ryu-fire-garden/background.webp","arena_shirai-ryu-fire-garden_background.webp","No","Optional arena hero/background, recommended 1600x900 WebP."
"Arena","Shirai Ryu Fire Garden","shirai-ryu-fire-garden","Thumbnail","public/assets/arenas/shirai-ryu-fire-garden/thumbnail.webp","arena_shirai-ryu-fire-garden_thumbnail.webp","No","Optional arena thumbnail, recommended 600x340 WebP."
"Arena","Lin Kuei Fortress","lin-kuei-fortress","Background","public/assets/arenas/lin-kuei-fortress/background.webp","arena_lin-kuei-fortress_background.webp","No","Optional arena hero/background, recommended 1600x900 WebP."
"Arena","Lin Kuei Fortress","lin-kuei-fortress","Thumbnail","public/assets/arenas/lin-kuei-fortress/thumbnail.webp","arena_lin-kuei-fortress_thumbnail.webp","No","Optional arena thumbnail, recommended 600x340 WebP."
"Arena","Netherrealm Gate","netherrealm-gate","Background","public/assets/arenas/netherrealm-gate/background.webp","arena_netherrealm-gate_background.webp","No","Optional arena hero/background, recommended 1600x900 WebP."
"Arena","Netherrealm Gate","netherrealm-gate","Thumbnail","public/assets/arenas/netherrealm-gate/thumbnail.webp","arena_netherrealm-gate_thumbnail.webp","No","Optional arena thumbnail, recommended 600x340 WebP."
"Arena","Chaosrealm Rift","chaosrealm-rift","Background","public/assets/arenas/chaosrealm-rift/background.webp","arena_chaosrealm-rift_background.webp","No","Optional arena hero/background, recommended 1600x900 WebP."
"Arena","Chaosrealm Rift","chaosrealm-rift","Thumbnail","public/assets/arenas/chaosrealm-rift/thumbnail.webp","arena_chaosrealm-rift_thumbnail.webp","No","Optional arena thumbnail, recommended 600x340 WebP."
"Arena","Vaeternus Crypt","vaeternus-crypt","Background","public/assets/arenas/vaeternus-crypt/background.webp","arena_vaeternus-crypt_background.webp","No","Optional arena hero/background, recommended 1600x900 WebP."
"Arena","Vaeternus Crypt","vaeternus-crypt","Thumbnail","public/assets/arenas/vaeternus-crypt/thumbnail.webp","arena_vaeternus-crypt_thumbnail.webp","No","Optional arena thumbnail, recommended 600x340 WebP."
"Arena","Zaterran Jungle","zaterran-jungle","Background","public/assets/arenas/zaterran-jungle/background.webp","arena_zaterran-jungle_background.webp","No","Optional arena hero/background, recommended 1600x900 WebP."
"Arena","Zaterran Jungle","zaterran-jungle","Thumbnail","public/assets/arenas/zaterran-jungle/thumbnail.webp","arena_zaterran-jungle_thumbnail.webp","No","Optional arena thumbnail, recommended 600x340 WebP."
"UI","dragon-emblem.svg","ui","dragon-emblem.svg","public/assets/ui/dragon-emblem.svg","ui_dragon-emblem.svg","No","UI emblem. SVG recommended."
"UI","ember-particles.webp","ui","ember-particles.webp","public/assets/ui/ember-particles.webp","ui_ember-particles.webp","No","Optional transparent ember particle overlay."
"UI","smoke-overlay.webp","ui","smoke-overlay.webp","public/assets/ui/smoke-overlay.webp","ui_smoke-overlay.webp","No","Optional transparent smoke overlay."
"UI","noise.webp","ui","noise.webp","public/assets/ui/noise.webp","ui_noise.webp","No","Optional subtle noise texture."
"UI","mk-logo.webp","ui","mk-logo.webp","public/assets/ui/mk-logo.webp","ui_mk-logo.webp","No","Optional app logo/wordmark if licensed."
"UI","fallback-fighter.svg","ui","fallback-fighter.svg","public/assets/ui/fallback-fighter.svg","ui_fallback-fighter.svg","Yes","Generated by script if missing."
"UI","fallback-kameo.svg","ui","fallback-kameo.svg","public/assets/ui/fallback-kameo.svg","ui_fallback-kameo.svg","Yes","Generated by script if missing."
"UI","fallback-arena.svg","ui","fallback-arena.svg","public/assets/ui/fallback-arena.svg","ui_fallback-arena.svg","Yes","Generated by script if missing."
